Workbook
Name alimentos: Alimentos!$A:$A
Name e: #REF!
Name e: #REF!
Name e: #REF!
Name e: #REF!
Name e: #REF!
Name e: #REF!

Sheet Alimentos
A1: Unidades | B1: R$/Kg MO | E1: % CO | F1: % MS | G1: % MS | H1: % MS | I1: % MS | J1: % MS | K1: % MN | L1: % MN | M1: % MS | N1: % MS | O1: Mcal/kg | P1: % MS | Q1: % MS | R1: % MS | S1: % MS | T1: % MS | U1: % MS | V1: %/h | W1: % MS | X1: % MS | Y1: % MS | Z1: % MS | AA1: % MS | AB1: % MS | AC1: % MS | AD1: % MS | AE1: % MS | AF1: mg/kg | AG1: mg/kg | AH1: mg/kg | AI1: mg/kg | AJ1: mg/kg | AK1: mg/kg | AL1: mg/kg | AM1: UI/kg | AN1: UI/kg | AO1: UI/kg | AP1: mg/kg | AQ1: mg/kg | AR1: mg/kg | AS1: UFC/kg | AT1: Protein A | AU1: Protein B | AV1: Protein C | AW1: Protein digestion rate | AX1: RUP Digest | AY1: CP Digestibility | AZ1: NDF Digestibility | BA1: Fat Digestibility | BB1: Lisyne | BC1: Methionine
A2: Alimentos | B2: Custo | C2: Classificação | D2: Tipo | E2: MS | F2: PB | G2: PDR | H2: PNDR | I2: FDN | J2: eFDN | K2: MN>8 | L2: MN>19 | M2: FDNF | N2: FDA | O2: NEl | P2: NDT | Q2: EE | R2: EE Insat | S2: Cinza | T2: CNF | U2: Amido | V2: kd Amido | W2: Met | X2: Lys | Y2: Ca | Z2: P | AA2: Mg | AB2: K | AC2: S | AD2: Na | AE2: Cl | AF2: Co | AG2: Cu | AH2: Mn | AI2: Zn | AJ2: Se | AK2: I | AL2: Fe | AM2: Vit A | AN2: Vit D3 | AO2: Vit E | AP2: Biotina | AQ2: Monensina | AR2: Cr | AS2: Levedura | AT2: % CP | AU2: % CP | AV2: % CP | AW2: %/h | AX2: % | AY2: % | AZ2: % | BA2: % | BB2: % CP | BC2: % CP
A3: Aveia Branca (grão) | C3: Energético | D3: C | E3: 0.92 | F3: 0.129 | G3: =F3-H3 -> 0.1032 | H3: =F3*0.2 -> 0.0258 | I3: 0.314 | J3: =(I3*K3)+(I3*(1-K3)*0.33) -> 0.10362 | K3: 0 | L3: 0 | M3: =IF(D3="C", 0,I3) -> 0 | N3: 0.165 | O3: =(0.0245*P3*100)-0.12 -> 1.7665 | P3: 0.77 | Q3: 0.058 | R3: =Q3*0.835*(34.8+42+1.8)/100 -> 0.03806598 | S3: 0.033 | T3: =1-(I3+Q3+S3+F3) -> 0.466 | U3: 0.408 | V3: 0.2 | Y3: 0.0011 | Z3: 0.004 | AA3: 0.0016 | AB3: 0.0052 | AC3: 0.0019 | AD3: 0.0003 | AE3: 0 | AF3: 0.06 | AG3: 8 | AH3: 43 | AI3: 41 | AJ3: 0.48 | AT3: 0.652 | AU3: 0.288 | AV3: 0.06 | AW3: 0.174 | AX3: 0.75 | AY3: 1 | AZ3: 0.4 | BA3: 1
A4: Aveia Preta (grão) | C4: Energético | D4: C | E4: 0.92 | F4: 0.129 | G4: =F4-H4 -> 0.1032 | H4: =F4*0.2 -> 0.0258 | I4: 0.314 | J4: =(I4*K4)+(I4*(1-K4)*0.33) -> 0.10362 | K4: 0 | L4: 0 | M4: =IF(D4="C", 0,I4) -> 0 | N4: 0.165 | O4: =(0.0245*P4*100)-0.12 -> 1.7665 | P4: 0.77 | Q4: 0.058 | R4: =Q4*0.835*(34.8+42+1.8)/100 -> 0.03806598 | S4: 0.033 | T4: =1-(I4+Q4+S4+F4) -> 0.466 | U4: 0.408 | V4: 0.2 | Y4: 0.0011 | Z4: 0.004 | AA4: 0.0016 | AB4: 0.0052 | AC4: 0.0019 | AD4: 0.0003 | AE4: 0 | AF4: 0.06 | AG4: 8 | AH4: 43 | AI4: 41 | AJ4: 0.48 | AT4: 0.652 | AU4: 0.288 | AV4: 0.06 | AW4: 0.174 | AX4: 0.75 | AY4: 1 | AZ4: 0.4 | BA4: 1
A5: Cevada Grão Moído Fino | C5: Energético | D5: C | E5: 0.88 | F5: 0.125 | G5: =F5-H5 -> 0.09125 | H5: =F5*0.27 -> 0.03375 | I5: 0.22 | J5: =(I5*K5)+(I5*(1-K5)*0.33) -> 0.0726 | M5: =IF(D5="C", 0,I5) -> 0 | N5: 0.078 | O5: =(0.0245*P5*100)-0.12 -> 1.938 | P5: 0.84 | Q5: 0.026 | R5: =Q5*0.761*(0+13.5+55.9+4.3)/100 -> 0.014582282 | S5: 0.029 | T5: =1-(I5+Q5+S5+F5) -> 0.6 | U5: 0.523 | V5: 0.35 | Y5: 0.0006 | Z5: 0.0039 | AA5: 0.0014 | AB5: 0.0056 | AC5: 0.0012 | AD5: 0.0002 | AE5: 0.0013 | AF5: 0.35 | AG5: 6 | AH5: 22 | AI5: 38 | AJ5: 0.11 | AT5: 0.302 | AU5: 0.612 | AV5: 0.086 | AW5: 0.227 | AX5: 0.85 | AY5: 1 | AZ5: 0.48 | BA5: 1
A6: Farelo de Arroz | C6: Energético | D6: C | E6: 0.91 | F6: 0.14 | G6: =F6-H6 -> 0.105 | H6: =F6*0.25 -> 0.035 | I6: 0.301 | J6: =(I6*K6)+(I6*(1-K6)*0.33) -> 0.09933 | M6: =IF(D6="C", 0,I6) -> 0 | N6: 0.173 | O6: =(0.0245*P6*100)-0.12 -> 1.595 | P6: 0.7 | Q6: 0.141 | R6: =Q6*0.85*(39.1+38.1+1.5)/100 -> 0.09432195 | S6: 0.104 | T6: =1-(I6+Q6+S6+F6) -> 0.314 | U6: 0.249 | V6: 0.4 | Y6: 0.0007 | Z6: 0.0178 | AA6: 0.0081 | AB6: 0.0157 | AC6: 0.0019 | AD6: 0.0003 | AE6: 0.0009 | AG6: 10 | AH6: 186 | AI6: 71 | AJ6: 0.17 | AT6: 0.326 | AU6: 0.49 | AV6: 0.184 | AW6: 0.05 | AX6: 0.65 | AY6: 1 | AZ6: 0.33 | BA6: 1
A7: Melaço de Cana | C7: Energético | D7: C | E7: 0.73 | F7: 0.058 | G7: =F7-H7 -> 0.058 | J7: =(I7*K7)+(I7*(1-K7)*0.33) -> 0 | M7: =IF(D7="C", 0,I7) -> 0 | O7: =(0.0245*P7*100)-0.12 -> 1.644 | P7: 0.72 | Q7: 0.01 | R7: =Q7*0.615*(13+54.9+7.5)/100 -> 0.0046371 | S7: 0.133 | T7: =1-(I7+Q7+S7+F7) -> 0.799 | Y7: 0.01 | Z7: 0.001 | AA7: 0.0042 | AB7: 0.0401 | AC7: 0.0047 | AD7: 0.0022 | AE7: 0 | AG7: 66 | AH7: 59 | AI7: 21
A8: Milho com Palha e Sabugo | C8: Energético | D8: C | E8: 0.89 | F8: 0.089 | G8: =F8-H8 -> 0.04895 | H8: =F8*0.45 -> 0.04005 | I8: 0.19 | J8: =(I8*K8)+(I8*(1-K8)*0.33) -> 0.0627 | M8: =IF(D8="C", 0,I8) -> 0 | N8: 0.083 | O8: =(0.0245*P8*100)-0.12 -> 1.791 | P8: 0.78 | Q8: 0.039 | R8: =Q8*0.743*(26+55.1+1.6)/100 -> 0.023963979 | S8: 0.019 | T8: =1-(I8+Q8+S8+F8) -> 0.663 | U8: 0.585 | V8: 0.12 | Y8: 0.0005 | Z8: 0.0028 | AA8: 0.0012 | AB8: 0.0048 | AC8: 0.0009 | AD8: 0.0001 | AE8: 0.0007 | AG8: 3 | AH8: 9 | AI8: 22 | AJ8: 0.07
A9: Milho Floculado | C9: Energético | D9: C | E9: 0.86 | F9: 0.0852 | G9: =F9-H9 -> 0.03408 | H9: =F9*0.6 -> 0.05112 | I9: 0.09 | J9: =(I9*K9)+(I9*(1-K9)*0.33) -> 0.0297 | M9: =IF(D9="C", 0,I9) -> 0 | N9: 0.037 | O9: =(0.0245*P9*100)-0.12 -> 2.036 | P9: 0.88 | Q9: 0.0367 | R9: =Q9*0.929*(23.2+58.4+1.8)/100 -> 0.028434646 | S9: 0.015 | T9: =1-(I9+Q9+S9+F9) -> 0.7731 | U9: 0.756 | V9: 0.35 | Y9: 0.0004 | Z9: 0.003 | AA9: 0.0012 | AB9: 0.0042 | AC9: 0.001 | AD9: 0.0002 | AE9: 0.0008 | AG9: 3 | AH9: 11 | AI9: 27 | AJ9: 0.07 | AT9: 0.239 | AU9: 0.725 | AV9: 0.036 | AW9: 0.049 | AX9: 0.7 | AY9: 1 | AZ9: 0.51 | BA9: 1
A10: Milho Moido Fino | C10: Energético | D10: C | E10: 0.88 | F10: 0.09 | G10: =F10-H10 -> 0.045 | H10: =F10*0.5 -> 0.045 | I10: 0.09 | J10: =(I10*K10)+(I10*(1-K10)*0.33) -> 0.0297 | M10: =IF(D10="C", 0,I10) -> 0 | N10: 0.036 | O10: =(0.0245*P10*100)-0.12 -> 1.9625 | P10: 0.85 | Q10: 0.04 | R10: =Q10*0.952*(24.1+55.7+1.6)/100 -> 0.03099712 | S10: 0.015 | T10: =1-(I10+Q10+S10+F10) -> 0.765 | U10: 0.748 | V10: 0.15 | Y10: 0.0004 | Z10: 0.003 | AA10: 0.0012 | AB10: 0.0042 | AC10: 0.001 | AD10: 0.0002 | AE10: 0.0008 | AG10: 3 | AH10: 11 | AI10: 27 | AJ10: 0.07 | AT10: 0.239 | AU10: 0.725 | AV10: 0.036 | AW10: 0.049 | AX10: 0.7 | AY10: 1 | AZ10: 0.51 | BA10: 1
A11: Milho Moido Grosso | C11: Energético | D11: C | E11: 0.88 | F11: 0.09 | G11: =F11-H11 -> 0.036 | H11: =F11*0.6 -> 0.054 | I11: 0.09 | J11: =(I11*K11)+(I11*(1-K11)*0.33) -> 0.0297 | M11: =IF(D11="C", 0,I11) -> 0 | N11: 0.036 | O11: =(0.0245*P11*100)-0.12 -> 1.84 | P11: 0.8 | Q11: 0.04 | R11: =Q11*0.952*(24.1+55.7+1.6)/100 -> 0.03099712 | S11: 0.015 | T11: =1-(I11+Q11+S11+F11) -> 0.765 | U11: 0.748 | V11: 0.12 | Y11: 0.0004 | Z11: 0.003 | AA11: 0.0012 | AB11: 0.0042 | AC11: 0.001 | AD11: 0.0002 | AE11: 0.0008 | AG11: 3 | AH11: 11 | AI11: 27 | AJ11: 0.07 | AT11: 0.239 | AU11: 0.725 | AV11: 0.036 | AW11: 0.049 | AX11: 0.7 | AY11: 1 | AZ11: 0.51 | BA11: 1
A12: Milho Umido | C12: Energético | D12: C | E12: 0.68 | F12: 0.092 | G12: =F12-H12 -> 0.0506 | H12: =F12*0.45 -> 0.0414 | I12: 0.108 | J12: =(I12*K12)+(I12*(1-K12)*0.33) -> 0.03564 | M12: =IF(D12="C", 0,I12) -> 0 | N12: 0.041 | O12: =(0.0245*P12*100)-0.12 -> 2.036 | P12: 0.88 | Q12: 0.039 | R12: =Q12*0.743*(26+55.1+1.6)/100 -> 0.023963979 | S12: 0.015 | T12: =1-(I12+Q12+S12+F12) -> 0.746 | U12: 0.707 | V12: 0.29 | Y12: 0.0003 | Z12: 0.003 | AA12: 0.0012 | AB12: 0.0043 | AC12: 0.001 | AD12: 0.0001 | AE12: 0.0005 | AG12: 1 | AH12: 7 | AI12: 21 | AJ12: 0.07 | AT12: 0.279 | AU12: 0.714 | AV12: 0.007 | AW12: 0.051 | AX12: 0.9 | AY12: 1 | AZ12: 0.51 | BA12: 1
A13: Milho Umido Ensilado, 68 MS Fino | C13: Energético | D13: C | E13: 0.65 | F13: 0.092 | G13: =F13-H13 -> 0.0506 | H13: =F13*0.45 -> 0.0414 | I13: 0.108 | J13: =(I13*K13)+(I13*(1-K13)*0.33) -> 0.03564 | M13: =IF(D13="C", 0,I13) -> 0 | N13: 0.041 | O13: =(0.0245*P13*100)-0.12 -> 2.0605 | P13: 0.89 | Q13: 0.039 | R13: =Q13*0.743*(26+55.1+1.6)/100 -> 0.023963979 | S13: 0.015 | T13: =1-(I13+Q13+S13+F13) -> 0.746 | U13: 0.707 | V13: 0.37 | Y13: 0.0003 | Z13: 0.003 | AA13: 0.0012 | AB13: 0.0043 | AC13: 0.001 | AD13: 0.0001 | AE13: 0.0005 | AG13: 1 | AH13: 7 | AI13: 21 | AJ13: 0.07 | AT13: 0.279 | AU13: 0.714 | AV13: 0.007 | AW13: 0.051 | AX13: 0.9 | AY13: 1 | AZ13: 0.51 | BA13: 1
A14: Milho Umido Ensilado, 68 MS Grosso | C14: Energético | D14: C | E14: 0.68 | F14: 0.092 | G14: =F14-H14 -> 0.0506 | H14: =F14*0.45 -> 0.0414 | I14: 0.108 | J14: =(I14*K14)+(I14*(1-K14)*0.33) -> 0.03564 | M14: =IF(D14="C", 0,I14) -> 0 | N14: 0.041 | O14: =(0.0245*P14*100)-0.12 -> 2.036 | P14: 0.88 | Q14: 0.039 | R14: =Q14*0.743*(26+55.1+1.6)/100 -> 0.023963979 | S14: 0.015 | T14: =1-(I14+Q14+S14+F14) -> 0.746 | U14: 0.707 | V14: 0.29 | Y14: 0.0003 | Z14: 0.003 | AA14: 0.0012 | AB14: 0.0043 | AC14: 0.001 | AD14: 0.0001 | AE14: 0.0005 | AG14: 1 | AH14: 7 | AI14: 21 | AJ14: 0.07 | AT14: 0.279 | AU14: 0.714 | AV14: 0.007 | AW14: 0.051 | AX14: 0.9 | AY14: 1 | AZ14: 0.51 | BA14: 1
A15: Milho Umido Ensilado, 78 MS Fino | C15: Energético | D15: C | E15: 0.78 | F15: 0.09 | G15: =F15-H15 -> 0.0495 | H15: =F15*0.45 -> 0.0405 | I15: 0.103 | J15: =(I15*K15)+(I15*(1-K15)*0.33) -> 0.03399 | M15: =IF(D15="C", 0,I15) -> 0 | N15: 0.039 | O15: =(0.0245*P15*100)-0.12 -> 2.0115 | P15: 0.87 | Q15: 0.038 | R15: =Q15*0.743*(26+55.1+1.6)/100 -> 0.023349518 | S15: 0.015 | T15: =1-(I15+Q15+S15+F15) -> 0.754 | U15: 0.722 | V15: 0.27 | Y15: 0.0003 | Z15: 0.003 | AA15: 0.0012 | AB15: 0.0043 | AC15: 0.001 | AD15: 0.0001 | AE15: 0.0005 | AG15: 1 | AH15: 7 | AI15: 21 | AJ15: 0.07 | AT15: 0.279 | AU15: 0.714 | AV15: 0.007 | AW15: 0.051 | AX15: 0.9 | AY15: 1 | AZ15: 0.51 | BA15: 1
A16: Milho Umido Ensilado, 78 MS Grosso | C16: Energético | D16: C | E16: 0.78 | F16: 0.092 | G16: =F16-H16 -> 0.0506 | H16: =F16*0.45 -> 0.0414 | I16: 0.103 | J16: =(I16*K16)+(I16*(1-K16)*0.33) -> 0.03399 | M16: =IF(D16="C", 0,I16) -> 0 | N16: 0.038 | O16: =(0.0245*P16*100)-0.12 -> 1.987 | P16: 0.86 | Q16: 0.038 | R16: =Q16*0.743*(26+55.1+1.6)/100 -> 0.023349518 | S16: 0.015 | T16: =1-(I16+Q16+S16+F16) -> 0.752 | U16: 0.722 | V16: 0.17 | Y16: 0.0003 | Z16: 0.003 | AA16: 0.0012 | AB16: 0.0043 | AC16: 0.001 | AD16: 0.0001 | AE16: 0.0005 | AG16: 1 | AH16: 7 | AI16: 21 | AJ16: 0.07 | AT16: 0.279 | AU16: 0.714 | AV16: 0.007 | AW16: 0.051 | AX16: 0.9 | AY16: 1 | AZ16: 0.51 | BA16: 1
A17: Sorgo Floculado | C17: Energético | D17: C | E17: 0.89 | F17: 0.113 | G17: =F17-H17 -> 0.05989 | H17: =F17*0.47 -> 0.05311 | I17: 0.174 | J17: =(I17*K17)+(I17*(1-K17)*0.33) -> 0.05742 | M17: =IF(D17="C", 0,I17) -> 0 | N17: 0.06 | O17: =(0.0245*P17*100)-0.12 -> 1.9625 | P17: 0.85 | Q17: 0.036 | R17: =Q17*0.811*(29.7+48.2+1.6)/100 -> 0.02321082 | S17: 0.02 | T17: =1-(I17+Q17+S17+F17) -> 0.657 | U17: 0.598 | V17: 0.3 | Y17: 0.0007 | Z17: 0.0035 | AA17: 0.0017 | AB17: 0.0047 | AC17: 0.0011 | AD17: 0.0001 | AE17: 0.0006 | AG17: 6 | AH17: 21 | AI17: 25 | AJ17: 0.46 | AT17: 0.189 | AU17: 0.794 | AV17: 0.017 | AW17: 0.055 | AX17: 0.85 | AY17: 1 | AZ17: 0.35 | BA17: 1
A18: Sorgo Grão Moido Fino | C18: Energético | D18: C | E18: 0.89 | F18: 0.113 | G18: =F18-H18 -> 0.05763 | H18: =F18*0.49 -> 0.05537 | I18: 0.174 | J18: =(I18*K18)+(I18*(1-K18)*0.33) -> 0.05742 | M18: =IF(D18="C", 0,I18) -> 0 | N18: 0.06 | O18: =(0.0245*P18*100)-0.12 -> 1.84 | P18: 0.8 | Q18: 0.036 | R18: =Q18*0.811*(29.7+48.2+1.6)/100 -> 0.02321082 | S18: 0.02 | T18: =1-(I18+Q18+S18+F18) -> 0.657 | U18: 0.598 | V18: 0.15 | Y18: 0.0007 | Z18: 0.0035 | AA18: 0.0017 | AB18: 0.0047 | AC18: 0.0011 | AD18: 0.0001 | AE18: 0.0006 | AG18: 6 | AH18: 21 | AI18: 25 | AJ18: 0.46 | AT18: 0.189 | AU18: 0.794 | AV18: 0.017 | AW18: 0.055 | AX18: 0.85 | AY18: 1 | AZ18: 0.35 | BA18: 1
A19: Sorgo Grão Umido Ensilado | C19: Energético | D19: C | E19: 0.78 | F19: 0.113 | G19: =F19-H19 -> 0.06215 | H19: =F19*0.45 -> 0.05085 | I19: 0.23 | J19: =(I19*K19)+(I19*(1-K19)*0.33) -> 0.0759 | M19: =IF(D19="C", 0,I19) -> 0 | N19: 0.06 | O19: =(0.0245*P19*100)-0.12 -> 1.9625 | P19: 0.85 | Q19: 0.036 | R19: =Q19*0.811*(29.7+48.2+1.6)/100 -> 0.02321082 | S19: 0.02 | T19: =1-(I19+Q19+S19+F19) -> 0.601 | U19: 0.545 | V19: 0.2 | Y19: 0.0007 | Z19: 0.0035 | AA19: 0.0017 | AB19: 0.0047 | AC19: 0.0011 | AD19: 0.0001 | AE19: 0.0006 | AG19: 6 | AH19: 21 | AI19: 25 | AJ19: 0.46 | AT19: 0.189 | AU19: 0.794 | AV19: 0.017 | AW19: 0.055 | AX19: 0.85 | AY19: 1 | AZ19: 0.35 | BA19: 1
A20: Trigo Grão | C20: Energético | D20: C | E20: 0.89 | F20: 0.142 | G20: =F20-H20 -> 0.1136 | H20: =F20*0.2 -> 0.0284 | I20: 0.117 | J20: =(I20*K20)+(I20*(1-K20)*0.33) -> 0.03861 | M20: =IF(D20="C", 0,I20) -> 0 | N20: 0.052 | O20: =(0.0245*P20*100)-0.12 -> 2.036 | P20: 0.88 | Q20: 0.02 | R20: =Q20*0.905*(14.7+60.2+4.3)/100 -> 0.0143352 | S20: 0.02 | T20: =1-(I20+Q20+S20+F20) -> 0.701 | U20: 0.655 | V20: 0.4 | Y20: 0.0005 | Z20: 0.0043 | AA20: 0.0015 | AB20: 0.005 | AC20: 0.0015 | AD20: 0.0001 | AE20: 0.0011 | AG20: 5 | AH20: 42 | AI20: 40 | AJ20: 0.28 | AT20: 0.271 | AU20: 0.651 | AV20: 0.078 | AW20: 0.188 | AX20: 0.95 | AY20: 1 | AZ20: 0.41 | BA20: 1
A21: Alfafa Feno | C21: Forragem | D21: F | E21: 0.9 | F21: 0.17 | G21: =F21-H21 -> 0.1275 | H21: =F21*0.25 -> 0.0425 | I21: 0.46 | J21: =(I21*K21)+(I21*(1-K21)*0.33) -> 0.46 | K21: 1 | L21: 1 | M21: =IF(D21="C", 0,I21) -> 0.46 | N21: 0.363 | O21: =(0.0245*P21*100)-0.12 -> 1.3745 | P21: 0.61 | Q21: 0.025 | R21: =Q21*0.55*(0.4+2.4+18.5+36.8)/100 -> 0.00798875 | S21: 0.11 | T21: =1-(I21+Q21+S21+F21) -> 0.235 | U21: 0.014 | V21: 0.3 | Y21: 0.0147 | Z21: 0.0028 | AA21: 0.0029 | AB21: 0.0237 | AC21: 0.0026 | AD21: 0.001 | AE21: 0.0065 | AF21: 0.31 | AG21: 9 | AH21: 44 | AI21: 28 | AJ21: 0.36 | AK21: 0.16
A22: Alfafa Silagem Pré-Secada | C22: Forragem | D22: F | E22: 0.35 | F22: 0.17 | G22: =F22-H22 -> 0.136 | H22: =F22*0.2 -> 0.034 | I22: 0.46 | J22: =(I22*K22)+(I22*(1-K22)*0.33) -> 0.39836 | K22: 0.8 | L22: 0.5 | M22: =IF(D22="C", 0,I22) -> 0.46 | N22: 0.359 | O22: =(0.0245*P22*100)-0.12 -> 1.3745 | P22: 0.61 | Q22: 0.033 | R22: =Q22*0.513*(2+15.9+38.7)/100 -> 0.009581814 | S22: 0.11 | T22: =1-(I22+Q22+S22+F22) -> 0.227 | U22: 0.014 | V22: 0.3 | Y22: 0.0147 | Z22: 0.0028 | AA22: 0.0029 | AB22: 0.0237 | AC22: 0.0026 | AD22: 0.001 | AE22: 0.0065 | AF22: 0.31 | AG22: 9 | AH22: 44 | AI22: 28 | AJ22: 0.36 | AK22: 0.16
A23: Alfafa Verde Colhida | C23: Forragem | D23: F | E23: 0.25 | F23: 0.17 | G23: =F23-H23 -> 0.1105 | H23: =F23*0.35 -> 0.0595 | I23: 0.43 | J23: =(I23*K23)+(I23*(1-K23)*0.33) -> 0.43 | K23: 1 | L23: 1 | M23: =IF(D23="C", 0,I23) -> 0.43 | N23: 0.314 | O23: =(0.0245*P23*100)-0.12 -> 1.4235 | P23: 0.63 | Q23: 0.025 | R23: =Q23*0.651*(2.3+19+49.7)/100 -> 0.01155525 | S23: 0.11 | T23: =1-(I23+Q23+S23+F23) -> 0.265 | U23: 0.016 | V23: 0.3 | Y23: 0.0147 | Z23: 0.0028 | AA23: 0.0029 | AB23: 0.0237 | AC23: 0.0026 | AD23: 0.001 | AE23: 0.0065 | AF23: 0.31 | AG23: 9 | AH23: 44 | AI23: 28 | AJ23: 0.36 | AK23: 0.16
A24: Bagaço de Cana | C24: Forragem | D24: F | E24: 0.74 | F24: 0.0217 | G24: 0 | H24: 0 | I24: 0.85 | J24: =(I24*K24)+(I24*(1-K24)*0.33) -> 0.85 | K24: 1 | L24: 0 | M24: =IF(D24="C", 0,I24) -> 0.85 | N24: 0.62 | O24: =(0.0245*P24*100)-0.12 -> 0.14999 | P24: 0.1102 | Q24: 0.002 | S24: 0.0161 | T24: =1-(I24+Q24+S24+F24) -> 0.1102 | Y24: 0 | Z24: 0 | AA24: 0 | AB24: 0 | AC24: 0 | AD24: 0 | AE24: 0 | AF24: 0 | AG24: 0 | AH24: 0 | AK24: 0 | AL24: 0
A25: Cana-de-Açúcar | C25: Forragem | D25: F | E25: 0.3 | F25: 0.025 | G25: =F25-H25 -> 0.025 | H25: 0 | I25: 0.5 | J25: =(I25*K25)+(I25*(1-K25)*0.33) -> 0.5 | K25: 1 | L25: 0 | M25: =IF(D25="C", 0,I25) -> 0.5 | N25: 0.36 | O25: =(0.0245*P25*100)-0.12 -> 1.301 | P25: 0.58 | Q25: 0.009 | S25: 0.041 | T25: =1-(I25+Q25+S25+F25) -> 0.425 | U25: 0 | V25: 0 | Y25: 0.0007 | Z25: 0.0005 | AA25: 0.001 | AB25: 0.0206 | AC25: 0.0018 | AD25: 0.0001 | AE25: 0 | AF25: 0 | AG25: 0 | AH25: 0 | AI25: 0 | AJ25: 0
A26: Gramínea Temperada Feno | C26: Forragem | D26: F | E26: 0.91 | F26: 0.147 | G26: =F26-H26 -> 0.11025 | H26: =F26*0.25 -> 0.03675 | I26: 0.57 | J26: =(I26*K26)+(I26*(1-K26)*0.33) -> 0.57 | K26: 1 | L26: 1 | M26: =IF(D26="C", 0,I26) -> 0.57 | N26: 0.364 | O26: =(0.0245*P26*100)-0.12 -> 1.35 | P26: 0.6 | Q26: 0.049 | R26: =Q26*0.24*(5.1+19.1+39.1)/100 -> 0.00744408 | S26: 0.088 | T26: =1-(I26+Q26+S26+F26) -> 0.146 | U26: 0.028 | V26: 0.3 | Y26: 0.0066 | Z26: 0.0029 | AA26: 0.0023 | AB26: 0.0213 | AC26: 0.0024 | AD26: 0.0008 | AE26: 0.0092 | AG26: 9 | AH26: 72 | AI26: 25 | AJ26: 0.06
A27: Gramínea Temperada Silagem Pré-Secada | C27: Forragem | D27: F | E27: 0.3 | F27: 0.18 | G27: =F27-H27 -> 0.144 | H27: =F27*0.2 -> 0.036 | I27: 0.48 | J27: =(I27*K27)+(I27*(1-K27)*0.33) -> 0.41568 | K27: 0.8 | L27: 0.5 | M27: =IF(D27="C", 0,I27) -> 0.48 | N27: 0.311 | O27: =(0.0245*P27*100)-0.12 -> 1.399 | P27: 0.62 | Q27: 0.049 | R27: =Q27*0.24*(5.1+19.1+39.1)/100 -> 0.00744408 | S27: 0.081 | T27: =1-(I27+Q27+S27+F27) -> 0.21 | U27: 0.04 | V27: 0.3 | Y27: 0.0055 | Z27: 0.0029 | AA27: 0.0023 | AB27: 0.0254 | AC27: 0.0021 | AD27: 0.0005 | AE27: 0.0067 | AG27: 9 | AH27: 74 | AI27: 30 | AJ27: 0.09
A28: Gramínea Temperada Verde Colhido | C28: Forragem | D28: F | E28: 0.25 | F28: 0.21 | G28: =F28-H28 -> 0.1365 | H28: =F28*0.35 -> 0.0735 | I28: 0.45 | J28: =(I28*K28)+(I28*(1-K28)*0.33) -> 0.45 | K28: 1 | L28: 1 | M28: =IF(D28="C", 0,I28) -> 0.45 | N28: 0.3 | O28: =(0.0245*P28*100)-0.12 -> 1.448 | P28: 0.64 | Q28: 0.05 | R28: =Q28*0.24*(5.1+19.1+39.1)/100 -> 0.007596 | S28: 0.099 | T28: =1-(I28+Q28+S28+F28) -> 0.191 | U28: 0.04 | V28: 0.3 | Y28: 0.0057 | Z28: 0.0036 | AA28: 0.0022 | AB28: 0.0311 | AC28: 0.0021 | AD28: 0.0005 | AE28: 0.0067 | AG28: 9 | AH28: 56 | AI28: 31
A29: Napier Ensilado | C29: Forragem | D29: F | E29: 0.25 | F29: 0.09 | G29: =F29-H29 -> 0.072 | H29: =F29*0.2 -> 0.018 | I29: 0.7 | J29: =(I29*K29)+(I29*(1-K29)*0.33) -> 0.6531 | K29: 0.9 | L29: 0.1 | M29: =IF(D29="C", 0,I29) -> 0.7 | N29: 0.45 | O29: =(0.0245*P29*100)-0.12 -> 1.2275 | P29: 0.55 | Q29: 0.023 | R29: =Q29*0.462*(3.8+20+44.3)/100 -> 0.007236306 | S29: 0.065 | T29: =1-(I29+Q29+S29+F29) -> 0.122 | U29: 0.02 | V29: 0.2 | Y29: 0.0039 | Z29: 0.0022 | AA29: 0.0015 | AB29: 0.014 | AC29: 0.0038 | AD29: 0.0014 | AE29: 0.0054 | AG29: 8 | AH29: 62 | AI29: 32
A30: Napier Verde Bem Manejado | C30: Forragem | D30: F | E30: 0.22 | F30: 0.14 | G30: =F30-H30 -> 0.098 | H30: =F30*0.3 -> 0.042 | I30: 0.65 | J30: =(I30*K30)+(I30*(1-K30)*0.33) -> 0.497575 | K30: 0.65 | L30: 0.03 | M30: =IF(D30="C", 0,I30) -> 0.65 | N30: 0.42 | O30: =(0.0245*P30*100)-0.12 -> 1.35 | P30: 0.6 | Q30: 0.026 | R30: =Q30*0.462*(3.8+20+44.3)/100 -> 0.008180172 | S30: 0.06 | T30: =1-(I30+Q30+S30+F30) -> 0.124 | U30: 0.024 | V30: 0.2 | Y30: 0.0039 | Z30: 0.0022 | AA30: 0.0015 | AB30: 0.014 | AC30: 0.0038 | AD30: 0.0014 | AE30: 0.0054 | AG30: 8 | AH30: 62 | AI30: 32
A31: Napier Verde Mal Manejado | C31: Forragem | D31: F | E31: 0.3 | F31: 0.05 | G31: =F31-H31 -> 0.05 | H31: 0 | I31: 0.8 | J31: =(I31*K31)+(I31*(1-K31)*0.33) -> 0.6392 | K31: 0.7 | L31: 0.05 | M31: =IF(D31="C", 0,I31) -> 0.8 | N31: 0.51 | O31: =(0.0245*P31*100)-0.12 -> 1.105 | P31: 0.5 | Q31: 0.016 | R31: =Q31*0.462*(3.8+20+44.3)/100 -> 0.005033952 | S31: 0.08 | T31: =1-(I31+Q31+S31+F31) -> 0.054 | U31: 0 | V31: 0 | Y31: 0.002 | Z31: 0.001 | AA31: 0.001 | AB31: 0.009 | AC31: 0.002 | AD31: 0 | AE31: 0 | AG31: 5 | AH31: 50 | AI31: 25
A32: Pastagem Temperada Bem Manejada | C32: Forragem | D32: F | E32: 0.22 | F32: 0.24 | G32: =F32-H32 -> 0.156 | H32: =F32*0.35 -> 0.084 | I32: 0.4 | J32: =(I32*K32)+(I32*(1-K32)*0.33) -> 0.4 | K32: 1 | L32: 1 | M32: =IF(D32="C", 0,I32) -> 0.4 | N32: 0.25 | O32: =(0.0245*P32*100)-0.12 -> 1.4725 | P32: 0.65 | Q32: 0.05 | R32: =Q32*0.24*(5.1+19.1+39.1)/100 -> 0.007596 | S32: 0.098 | T32: =1-(I32+Q32+S32+F32) -> 0.212 | U32: 0.04 | V32: 0.3 | Y32: 0.0056 | Z32: 0.0044 | AA32: 0.002 | AB32: 0.0336 | AC32: 0.002 | AD32: 0.0002 | AE32: 0.0056 | AG32: 10 | AH32: 75 | AI32: 36
A33: Pastagem Azevem | C33: Forragem | D33: F | E33: 0.22 | F33: 0.24 | G33: =F33-H33 -> 0.156 | H33: =F33*0.35 -> 0.084 | I33: 0.4 | J33: =(I33*K33)+(I33*(1-K33)*0.33) -> 0.4 | K33: 1 | L33: 1 | M33: =IF(D33="C", 0,I33) -> 0.4 | N33: 0.25 | O33: =(0.0245*P33*100)-0.12 -> 1.4725 | P33: 0.65 | Q33: 0.05 | R33: =Q33*0.24*(5.1+19.1+39.1)/100 -> 0.007596 | S33: 0.098 | T33: =1-(I33+Q33+S33+F33) -> 0.212 | U33: 0.04 | V33: 0.3 | Y33: 0.0056 | Z33: 0.0044 | AA33: 0.002 | AB33: 0.0336 | AC33: 0.002 | AD33: 0.0002 | AE33: 0.0056 | AG33: 10 | AH33: 75 | AI33: 36
A34: Pastagem Temperada Mal Manejada | C34: Forragem | D34: F | E34: 0.27 | F34: 0.09 | G34: =F34-H34 -> 0.0585 | H34: =F34*0.35 -> 0.0315 | I34: 0.6 | J34: =(I34*K34)+(I34*(1-K34)*0.33) -> 0.6 | K34: 1 | L34: 1 | M34: =IF(D34="C", 0,I34) -> 0.6 | N34: 0.4 | O34: =(0.0245*P34*100)-0.12 -> 1.2275 | P34: 0.55 | Q34: 0.04 | R34: =Q34*0.24*(5.1+19.1+39.1)/100 -> 0.0060768 | S34: 0.07 | T34: =1-(I34+Q34+S34+F34) -> 0.2 | U34: 0.02 | V34: 0.3 | Y34: 0.0047 | Z34: 0.0026 | AA34: 0.0018 | AB34: 0.0197 | AC34: 0.0017 | AD34: 0.0002 | AE34: 0.0066 | AG34: 8 | AH34: 90 | AI34: 25 | AJ34: 0.06
A35: Pastagem Tropical Bem Manejada | C35: Forragem | D35: F | E35: 0.2 | F35: 0.17 | G35: =F35-H35 -> 0.119 | H35: =F35*0.3 -> 0.051 | I35: 0.65 | J35: =(I35*K35)+(I35*(1-K35)*0.33) -> 0.65 | K35: 1 | L35: 1 | M35: =IF(D35="C", 0,I35) -> 0.65 | N35: 0.38 | O35: =(0.0245*P35*100)-0.12 -> 1.399 | P35: 0.62 | Q35: 0.021 | R35: =Q35*0.405*(3.3+18.8+20.8)/100 -> 0.003648645 | S35: 0.065 | T35: =1-(I35+Q35+S35+F35) -> 0.094 | U35: 0.02 | V35: 0.3 | Y35: 0.0039 | Z35: 0.0022 | AA35: 0.0015 | AB35: 0.024 | AC35: 0.0038 | AD35: 0.0014 | AE35: 0.0054 | AG35: 8 | AH35: 62 | AI35: 32
A36: Pastagem Tropical Mal Manejada | C36: Forragem | D36: F | E36: 0.22 | F36: 0.1 | G36: =F36-H36 -> 0.1 | H36: 0 | I36: 0.7 | J36: =(I36*K36)+(I36*(1-K36)*0.33) -> 0.7 | K36: 1 | L36: 1 | M36: =IF(D36="C", 0,I36) -> 0.7 | N36: 0.45 | O36: =(0.0245*P36*100)-0.12 -> 1.301 | P36: 0.58 | Q36: 0.015 | R36: =Q36*0.405*(3.3+18.8+20.8)/100 -> 0.002606175 | S36: 0.09 | T36: =1-(I36+Q36+S36+F36) -> 0.095 | U36: 0 | V36: 0 | Y36: 0.002 | Z36: 0.001 | AA36: 0.001 | AB36: 0.009 | AC36: 0.002 | AD36: 0 | AE36: 0 | AG36: 5 | AH36: 50 | AI36: 25
A37: Silagem de Cana | C37: Forragem | D37: F | E37: 0.28 | F37: 0.03 | G37: =F37-H37 -> 0.03 | H37: 0 | I37: 0.65 | J37: =(I37*K37)+(I37*(1-K37)*0.33) -> 0.410475 | K37: 0.45 | L37: 0.01 | M37: =IF(D37="C", 0,I37) -> 0.65 | N37: 0.415 | O37: =(0.0245*P37*100)-0.12 -> 1.154 | P37: 0.52 | Q37: 0.01 | R37: 0 | S37: 0.05 | T37: =1-(I37+Q37+S37+F37) -> 0.26 | U37: 0 | V37: 0 | Y37: 0.0007 | Z37: 0.0005 | AA37: 0.001 | AB37: 0.0206 | AC37: 0.0018 | AD37: 0.0001 | AE37: 0
A38: Silagem de Milho, 27 MS | C38: Forragem | D38: F | E38: 0.27 | F38: 0.09 | G38: =F38-H38 -> 0.063 | H38: =F38*0.3 -> 0.027 | I38: 0.57 | J38: =(I38*K38)+(I38*(1-K38)*0.33) -> 0.474525 | K38: 0.75 | L38: 0.05 | M38: =IF(D38="C", 0,I38) -> 0.57 | N38: 0.383 | O38: =(0.0245*P38*100)-0.12 -> 1.375235 | P38: 0.6103 | Q38: 0.032 | R38: =Q38*0.695*(19.2+47.7+8.3)/100 -> 0.01672448 | S38: 0.048 | T38: =1-(I38+Q38+S38+F38) -> 0.26 | U38: 0.2 | V38: 0.36 | Y38: 0.0029 | Z38: 0.0024 | AA38: 0.0019 | AB38: 0.013 | AC38: 0.0014 | AD38: 0.0001 | AE38: 0.003 | AG38: 6 | AH38: 46 | AI38: 29 | AJ38: 0.04
A39: Silagem de Milho, 30 MS | C39: Forragem | D39: F | E39: 0.3 | F39: 0.07 | G39: =F39-H39 -> 0.049 | H39: =F39*0.3 -> 0.021 | I39: 0.53 | J39: =(I39*K39)+(I39*(1-K39)*0.33) -> 0.441225 | K39: 0.75 | L39: 0.05 | M39: =IF(D39="C", 0,I39) -> 0.53 | N39: 0.35 | O39: =(0.0245*P39*100)-0.12 -> 1.43183 | P39: 0.6334 | Q39: 0.032 | R39: =Q39*0.695*(19.2+47.7+8.3)/100 -> 0.01672448 | S39: 0.045 | T39: =1-(I39+Q39+S39+F39) -> 0.323 | U39: 0.231 | V39: 0.34 | Y39: 0.0029 | Z39: 0.0024 | AA39: 0.0019 | AB39: 0.013 | AC39: 0.0014 | AD39: 0.0001 | AE39: 0.003 | AG39: 6 | AH39: 46 | AI39: 29 | AJ39: 0.04
A40: Silagem de Milho, 32 MS | C40: Forragem | D40: F | E40: 0.32 | F40: 0.065 | G40: =F40-H40 -> 0.0455 | H40: =F40*0.3 -> 0.0195 | I40: 0.49 | J40: =(I40*K40)+(I40*(1-K40)*0.33) -> 0.407925 | K40: 0.75 | L40: 0.05 | M40: =IF(D40="C", 0,I40) -> 0.49 | N40: 0.297 | O40: =(0.0245*P40*100)-0.12 -> 1.522725 | P40: 0.6705 | Q40: 0.032 | R40: =Q40*0.695*(19.2+47.7+8.3)/100 -> 0.01672448 | S40: 0.043 | T40: =1-(I40+Q40+S40+F40) -> 0.37 | U40: 0.251 | V40: 0.32 | Y40: 0.0028 | Z40: 0.0026 | AA40: 0.0017 | AB40: 0.012 | AC40: 0.0014 | AD40: 0.0001 | AE40: 0.0029 | AG40: 6 | AH40: 36 | AI40: 24 | AJ40: 0.04
A41: Silagem de Milho, 35 MS | C41: Forragem | D41: F | E41: 0.35 | F41: 0.06 | G41: =F41-H41 -> 0.042 | H41: =F41*0.3 -> 0.018 | I41: 0.3869 | J41: =(I41*K41)+(I41*(1-K41)*0.33) -> 0.32209425 | K41: 0.75 | L41: 0.05 | M41: =IF(D41="C", 0,I41) -> 0.3869 | N41: 0.2321 | O41: =(0.0245*P41*100)-0.12 -> 1.518805 | P41: 0.6689 | Q41: 0.0253 | R41: =Q41*0.695*(19.2+47.7+8.3)/100 -> 0.013222792 | S41: 0.0459 | T41: =1-(I41+Q41+S41+F41) -> 0.4819 | U41: 0.3331 | V41: 0.188 | Y41: 0.0026 | Z41: 0.0025 | AA41: 0.0016 | AB41: 0.011 | AC41: 0.001 | AD41: 0.0001 | AE41: 0.0017 | AG41: 6 | AH41: 36 | AI41: 23 | AJ41: 0.04 | AT41: 0.513 | AU41: 0.302 | AV41: 0.185 | AW41: 0.044 | AX41: 0.7 | AY41: 1 | AZ41: 0.45 | BA41: 1
A42: Silagem de Sorgo | C42: Forragem | D42: F | E42: 0.36 | F42: 0.094 | G42: =F42-H42 -> 0.0658 | H42: =F42*0.3 -> 0.0282 | I42: 0.607 | J42: =(I42*K42)+(I42*(1-K42)*0.33) -> 0.3833205 | K42: 0.45 | L42: 0.02 | M42: =IF(D42="C", 0,I42) -> 0.607 | N42: 0.393 | O42: =(0.0245*P42*100)-0.12 -> 1.358085 | P42: 0.6033 | Q42: 0.034 | R42: =Q42*0.408*(0+10.2+30.4+25.5)/100 -> 0.009169392 | S42: 0.075 | T42: =1-(I42+Q42+S42+F42) -> 0.19 | U42: 0.105 | V42: 0.15 | Y42: 0.005 | Z42: 0.0021 | AA42: 0.0027 | AB42: 0.0175 | AC42: 0.0012 | AD42: 0.0002 | AE42: 0.006 | AG42: 9 | AH42: 65 | AI42: 31 | AJ42: 0.03
A43: Tifton Feno Inteiro | C43: Forragem | D43: F | E43: 0.88 | F43: 0.13 | G43: =F43-H43 -> 0.0975 | H43: =F43*0.25 -> 0.0325 | I43: 0.67 | J43: =(I43*K43)+(I43*(1-K43)*0.33) -> 0.67 | K43: 1 | L43: 1 | M43: =IF(D43="C", 0,I43) -> 0.67 | N43: 0.433 | O43: =(0.0245*P43*100)-0.12 -> 1.2275 | P43: 0.55 | Q43: 0.019 | R43: =Q43*0.405*(3.3+18.8+20.8)/100 -> 0.003301155 | S43: 0.081 | T43: =1-(I43+Q43+S43+F43) -> 0.1 | U43: 0.02 | V43: 0.3 | Y43: 0.0049 | Z43: 0.0027 | AA43: 0.0019 | AB43: 0.018 | AC43: 0.0048 | AD43: 0.0017 | AE43: 0.0067 | AG43: 8 | AH43: 62 | AI43: 32
A44: Tifton Feno Picado | C44: Forragem | D44: F | E44: 0.88 | F44: 0.13 | G44: =F44-H44 -> 0.0975 | H44: =F44*0.25 -> 0.0325 | I44: 0.73 | J44: =(I44*K44)+(I44*(1-K44)*0.33) -> 0.63218 | K44: 0.8 | L44: 0.45 | M44: =IF(D44="C", 0,I44) -> 0.73 | N44: 0.433 | O44: =(0.0245*P44*100)-0.12 -> 1.2275 | P44: 0.55 | Q44: 0.019 | R44: =Q44*0.405*(3.3+18.8+20.8)/100 -> 0.003301155 | S44: 0.081 | T44: =1-(I44+Q44+S44+F44) -> 0.04 | U44: 0.02 | V44: 0.3 | Y44: 0.0049 | Z44: 0.0027 | AA44: 0.0019 | AB44: 0.018 | AC44: 0.0048 | AD44: 0.0017 | AE44: 0.0067 | AG44: 8 | AH44: 62 | AI44: 32
A45: Tifton Verde Colhido | C45: Forragem | D45: F | E45: 0.25 | F45: 0.16 | G45: =F45-H45 -> 0.112 | H45: =F45*0.3 -> 0.048 | I45: 0.65 | J45: =(I45*K45)+(I45*(1-K45)*0.33) -> 0.65 | K45: 1 | L45: 1 | M45: =IF(D45="C", 0,I45) -> 0.65 | N45: 0.4 | O45: =(0.0245*P45*100)-0.12 -> 1.35 | P45: 0.6 | Q45: 0.021 | R45: =Q45*0.405*(3.3+18.8+20.8)/100 -> 0.003648645 | S45: 0.065 | T45: =1-(I45+Q45+S45+F45) -> 0.104 | U45: 0.02 | V45: 0.3 | Y45: 0.0039 | Z45: 0.0022 | AA45: 0.0015 | AB45: 0.014 | AC45: 0.0038 | AD45: 0.0014 | AE45: 0.0054 | AG45: 8 | AH45: 62 | AI45: 32
A46: Caroço de Algodão | C46: Gordura | D46: F | E46: 0.92 | F46: 0.204 | G46: =F46-H46 -> 0.1326 | H46: =F46*0.35 -> 0.0714 | I46: 0.503 | J46: =(I46*K46)+(I46*(1-K46)*0.33) -> 0.503 | K46: 1 | L46: 0 | M46: 0 | N46: 0.401 | O46: =(0.0245*P46*100)-0.12 -> 2.1095 | P46: 0.91 | Q46: 0.186 | R46: =Q46* 0.98*(0.6+15.2+56.5+0.2)/100 -> 0.132153 | S46: 0.042 | T46: =1-(I46+Q46+S46+F46) -> 0.065 | U46: 0.004 | V46: 0.3 | Y46: 0.0017 | Z46: 0.006 | AA46: 0.0037 | AB46: 0.0113 | AC46: 0.0023 | AD46: 0.0002 | AE46: 0.0006 | AG46: 7 | AH46: 18 | AI46: 37 | AJ46: 0.14 | AT46: 0.454 | AU46: 0.467 | AV46: 0.079 | AW46: 0.157 | AX46: 0.8 | AY46: 1 | AZ46: 0.25 | BA46: 1
A47: Gordura de palma fracionada | C47: Gordura | D47: C | E47: 0.99 | M47: =IF(D47="C", 0,I47) -> 0 | O47: =(0.0245*P47*100)-0.12 -> 4.192 | P47: 1.76 | Q47: 0.99 | R47: =Q47*1*(10+2)/100 -> 0.1188 | S47: 0.01 | T47: 0 | U47: 0 | V47: 0
A48: Gordura protegida | C48: Gordura | D48: C | E48: 0.97 | M48: =IF(D48="C", 0,I48) -> 0 | O48: =(0.0245*P48*100)-0.12 -> 3.555 | P48: 1.5 | Q48: 0.873 | R48: =Q48*1*(21.9+37.7+1+2.6)/100 -> 0.551736 | S48: 0.155 | T48: 0 | U48: 0 | V48: 0 | Y48: 0.09
A49: Sêbo Bovino | C49: Gordura | D49: C | E49: 0.99 | M49: =IF(D49="C", 0,I49) -> 0 | O49: 5.84 | P49: 1.77 | Q49: 1 | R49: =Q49*0.88*(4+41.6+1.1+0.5)/100 -> 0.41536
A50: Soja Integral Crua | C50: Gordura | D50: C | E50: 0.904 | F50: 0.418 | G50: =F50-H50 -> 0.30932 | H50: =F50*0.26 -> 0.10868 | I50: 0.13 | J50: =(I50*K50)+(I50*(1-K50)*0.25) -> 0.0325 | M50: =IF(D50="C", 0,I50) -> 0 | N50: 0.063 | O50: =(0.0245*P50*100)-0.12 -> 2.1095 | P50: 0.91 | Q50: 0.207 | R50: =Q50*0.82*(22+52.4+7.6)/100 -> 0.1391868 | S50: 0.059 | T50: =1-(I50+Q50+S50+F50) -> 0.186 | U50: 0.033 | V50: 0.25 | Y50: 0.0032 | Z50: 0.006 | AA50: 0.0025 | AB50: 0.0199 | AC50: 0.0031 | AD50: 0.0001 | AE50: 0.0004 | AG50: 13 | AH50: 29 | AI50: 49 | AJ50: 0.28 | AT50: 0.278 | AU50: 0.702 | AV50: 0.02 | AW50: 0.109 | AX50: 0.85 | AY50: 1 | AZ50: 0.51 | BA50: 1
A51: Soja Integral Extrusada | C51: Gordura | D51: C | E51: 0.936 | F51: 0.43 | G51: =F51-H51 -> 0.258 | H51: =F51*0.4 -> 0.172 | I51: 0.13 | J51: =(I51*K51)+(I51*(1-K51)*0.25) -> 0.0325 | M51: =IF(D51="C", 0,I51) -> 0 | N51: 0.06 | O51: =(0.0245*P51*100)-0.12 -> 2.134 | P51: 0.92 | Q51: 0.138 | R51: =Q51*0.78*(1.4+18.1+54.8+9.5)/100 -> 0.09020232 | S51: 0.055 | T51: =1-(I51+Q51+S51+F51) -> 0.247 | U51: 0.043 | V51: 0.25 | Y51: 0.0036 | Z51: 0.0066 | AA51: 0.003 | AB51: 0.0212 | AC51: 0.0034 | AD51: 0.0004 | AE51: 0.001 | AG51: 17 | AH51: 39 | AI51: 72 | AJ51: 0.1 | AK51: 0.12 | AT51: 0.178 | AU51: 0.77 | AV51: 0.052 | AW51: 0.093 | AX51: 0.85 | AY51: 1 | AZ51: 0.51 | BA51: 1
A52: Soja Integral Inativada | C52: Gordura | D52: C | E52: 0.93 | F52: 0.417 | G52: =F52-H52 -> 0.2502 | H52: =F52*0.4 -> 0.1668 | I52: 0.13 | J52: =(I52*K52)+(I52*(1-K52)*0.25) -> 0.0325 | M52: =IF(D52="C", 0,I52) -> 0 | N52: 0.06 | O52: =(0.0245*P52*100)-0.12 -> 2.183 | P52: 0.94 | Q52: 0.188 | R52: =Q52*0.817*(23.6+52.4+7)/100 -> 0.12748468 | S52: 0.05 | T52: =1-(I52+Q52+S52+F52) -> 0.215 | U52: 0.044 | V52: 0.25 | Y52: 0.0026 | Z52: 0.0064 | AA52: 0.0025 | AB52: 0.0199 | AC52: 0.0032 | AD52: 0.0001 | AE52: 0.0006 | AG52: 15 | AH52: 29 | AI52: 48 | AJ52: 0.28 | AT52: 0.278 | AU52: 0.702 | AV52: 0.02 | AW52: 0.109 | AX52: 0.85 | AY52: 1 | AZ52: 0.51 | BA52: 1
A53: Soja Integral Tostada | C53: Gordura | D53: C | E53: 0.93 | F53: 0.417 | G53: =F53-H53 -> 0.22935 | H53: =F53*0.45 -> 0.18765 | I53: 0.13 | J53: =(I53*K53)+(I53*(1-K53)*0.25) -> 0.0325 | M53: =IF(D53="C", 0,I53) -> 0 | N53: 0.06 | O53: =(0.0245*P53*100)-0.12 -> 2.183 | P53: 0.94 | Q53: 0.188 | R53: =Q53*0.817*(23.6+52.4+7)/100 -> 0.12748468 | S53: 0.05 | T53: =1-(I53+Q53+S53+F53) -> 0.215 | U53: 0.044 | V53: 0.25 | Y53: 0.0026 | Z53: 0.0064 | AA53: 0.0025 | AB53: 0.0199 | AC53: 0.0032 | AD53: 0.0001 | AE53: 0.0006 | AG53: 15 | AH53: 29 | AI53: 48 | AJ53: 0.28 | AT53: 0.178 | AU53: 0.77 | AV53: 0.052 | AW53: 0.093 | AX53: 0.85 | AY53: 1 | AZ53: 0.51 | BA53: 1
A54: Bicarbonato de sodio | C54: Mineral | D54: C | E54: 1 | M54: =IF(D54="C", 0,I54) -> 0 | S54: 1 | T54: =1-(F54+I54+Q54+S54) -> 0 | Y54: 0 | Z54: 0 | AA54: 0 | AB54: 0 | AC54: 0 | AD54: 0.27 | AE54: 0
A55: Calcareo Calcítico | C55: Mineral | D55: C | E55: 1 | M55: =IF(D55="C", 0,I55) -> 0 | S55: 1 | T55: =1-(F55+I55+Q55+S55) -> 0 | Y55: 0.34 | Z55: 0.0002 | AA55: 0.0206 | AB55: 0.0012 | AC55: 0.0004 | AD55: 0.0006 | AE55: 0.0003
A56: Carbonato de Cálcio | C56: Mineral | D56: C | E56: 1 | M56: =IF(D56="C", 0,I56) -> 0 | S56: 1 | T56: =1-(F56+I56+Q56+S56) -> 0 | Y56: 0.394 | Z56: 0.0004 | AA56: 0.0005 | AB56: 0.0006 | AC56: 0 | AD56: 0.0006 | AE56: 0
A57: Cloreto de amonio | C57: Mineral | D57: C | E57: 1 | F57: 1.63 | G57: 1.63 | H57: 0 | M57: =IF(D57="C", 0,I57) -> 0 | S57: 1 | Y57: 0 | Z57: 0 | AA57: 0 | AB57: 0 | AC57: 0 | AD57: 0 | AE57: 0.66
A58: Cloreto de cálcio | C58: Mineral | D58: C | E58: 1 | M58: =IF(D58="C", 0,I58) -> 0 | S58: 1 | T58: =1-(F58+I58+Q58+S58) -> 0 | Y58: 0.2727 | Z58: 0 | AA58: 0 | AB58: 0 | AC58: 0 | AD58: 0 | AE58: 0.4823
A59: Fosfato bicálcico | C59: Mineral | D59: C | E59: 1 | M59: =IF(D59="C", 0,I59) -> 0 | S59: 1 | T59: =1-(F59+I59+Q59+S59) -> 0 | Y59: 0.22 | Z59: 0.193 | AA59: 0.0059 | AB59: 0.0007 | AC59: 0.0114 | AD59: 0.0005 | AE59: 0
A60: Mineral Lactação Completo | C60: Mineral | D60: C | E60: 1 | M60: =IF(D60="C", 0,I60) -> 0 | S60: 1 | Y60: 0.26 | Z60: 0.03 | AA60: 0.05 | AC60: 0.015 | AD60: 0.07 | AF60: 17 | AG60: 400 | AH60: 1000 | AI60: 1800 | AJ60: 16 | AK60: 32 | AM60: 160000 | AN60: 80000 | AO60: 1100 | AP60: 40 | AQ60: 600 | AS60: 180000000000
A61: Mineral Pré-Parto Completo | C61: Mineral | D61: C | E61: 1 | M61: =IF(D61="C", 0,I61) -> 0 | S61: 1 | Y61: 0.0675 | Z61: 0.024 | AA61: 0.084 | AC61: 0.06 | AD61: 0.025 | AE61: 0.15 | AF61: 20 | AG61: 417 | AH61: 833 | AI61: 2666 | AJ61: 10 | AK61: 33 | AM61: 400000 | AN61: 125000 | AO61: 13340 | AQ61: 666
A62: Mineral Recria Completo | C62: Mineral | D62: C | E62: 1 | M62: =IF(D62="C", 0,I62) -> 0 | S62: 1 | Y62: 0.24 | Z62: 0.04 | AA62: 0.015 | AC62: 0.018 | AD62: 0.07 | AF62: 30 | AG62: 680 | AH62: 1100 | AI62: 3500 | AJ62: 20 | AK62: 40 | AM62: 200000 | AN62: 40000 | AO62: 1500 | AQ62: 1000
A63: Mineral Ração Aleitamento | C63: Mineral | D63: C | E63: 0.875 | F63: 0.085 | I63: 0.1 | M63: =IF(D63="C", 0,I63) -> 0 | N63: 0.06 | Q63: 0.025 | S63: 0.055 | T63: 0.735 | W63: 0.004 | X63: 0.015 | Y63: 0.12 | Z63: 0.02 | AA63: 0.005 | AC63: 0.0075 | AD63: 0.02 | AF63: 6 | AG63: 250 | AH63: 1000 | AI63: 1000 | AJ63: 10 | AK63: 12.5 | AL63: 375 | AM63: 150000 | AN63: 30000 | AO63: 625 | AQ63: 1000 | AR63: 10
A64: Óxido de Magnésio | C64: Mineral | D64: C | E64: 1 | M64: =IF(D64="C", 0,I64) -> 0 | S64: 1 | T64: =1-(F64+I64+Q64+S64) -> 0 | Y64: 0.0304 | Z64: 0 | AA64: 0.562 | AB64: 0 | AC64: 0 | AD64: 0 | AE64: 0
A65: Sal Branco | C65: Mineral | D65: C | E65: 1 | M65: =IF(D65="C", 0,I65) -> 0 | S65: 1 | T65: =1-(F65+I65+Q65+S65) -> 0 | Y65: 0 | Z65: 0 | AA65: 0 | AB65: 0 | AC65: 0 | AD65: 0.393 | AE65: 0.606
A66: Sulfato de Magnésio | C66: Mineral | D66: C | E66: 1 | M66: =IF(D66="C", 0,I66) -> 0 | S66: 1 | T66: =1-(F66+I66+Q66+S66) -> 0 | Y66: 0 | Z66: 0 | AA66: 0.0986 | AB66: 0 | AC66: 0.13 | AD66: 0 | AE66: 0
A67: Farelo de Algodão 38 % | C67: Proteico | D67: C | E67: 0.92 | F67: 0.423 | G67: =F67-H67 -> 0.24111 | H67: =F67*0.43 -> 0.18189 | I67: 0.306 | J67: =(I67*K67)+(I67*(1-K67)*0.33) -> 0.10098 | M67: =IF(D67="C", 0,I67) -> 0 | N67: 0.202 | O67: =(0.0245*P67*100)-0.12 -> 1.742 | P67: 0.76 | Q67: 0.031 | R67: =Q67*0.98*(18.3+50.2+0.3)/100 -> 0.02090144 | S67: 0.067 | T67: =1-(I67+Q67+S67+F67) -> 0.173 | U67: 0.012 | V67: 0.35 | Y67: 0.002 | Z67: 0.0115 | AA67: 0.0061 | AB67: 0.0164 | AC67: 0.004 | AD67: 0.0007 | AE67: 0.0007 | AG67: 14 | AH67: 24 | AI67: 67 | AJ67: 0.3 | AT67: 0.256 | AU67: 0.555 | AV67: 0.189 | AW67: 0.068 | AX67: 0.92 | AY67: 1 | AZ67: 0.28 | BA67: 1
A68: Farelo de Amendoim | C68: Proteico | D68: C | E68: 0.92 | F68: 0.489 | G68: =F68-H68 -> 0.36675 | H68: =F68*0.25 -> 0.12225 | I68: 0.14 | J68: =(I68*K68)+(I68*(1-K68)*0.33) -> 0.0462 | M68: =IF(D68="C", 0,I68) -> 0 | N68: 0.063 | O68: =(0.0245*P68*100)-0.12 -> 1.7665 | P68: 0.77 | Q68: 0.016 | R68: =Q68*0.975*(66.6+19.3+2.4)/100 -> 0.0137748 | S68: 0.058 | T68: =1-(I68+Q68+S68+F68) -> 0.297 | U68: 0.11 | V68: 0.3 | Y68: 0.002 | Z68: 0.0064 | AA68: 0.0032 | AB68: 0.0132 | AC68: 0.0032 | AD68: 0.0003 | AE68: 0.001 | AG68: 13 | AH68: 33 | AI68: 54 | AJ68: 0.21 | AK68: 0.07 | AT68: 0.617 | AU68: 0.366 | AV68: 0.017 | AW68: 0.161 | AX68: 0.9 | AY68: 1 | AZ68: 0.21 | BA68: 1
A69: Farelo de Canola | C69: Proteico | D69: C | E69: 0.9 | F69: 0.415 | G69: =F69-H69 -> 0.2988 | H69: =F69*0.28 -> 0.1162 | I69: 0.277 | J69: =(I69*K69)+(I69*(1-K69)*0.33) -> 0.09141 | M69: =IF(D69="C", 0,I69) -> 0 | N69: 0.204 | O69: =(0.0245*P69*100)-0.12 -> 1.7175 | P69: 0.75 | Q69: 0.048 | R69: =Q69*0.799*(0.6+45.2+31.5+7.7)/100 -> 0.0325992 | S69: 0.074 | T69: =1-(I69+Q69+S69+F69) -> 0.186 | U69: 0.026 | V69: 0.35 | Y69: 0.0075 | Z69: 0.011 | AA69: 0.0053 | AB69: 0.0141 | AC69: 0.0073 | AD69: 0.0007 | AE69: 0.0004 | AG69: 5 | AH69: 62 | AI69: 61 | AJ69: 1.09 | AT69: 0.232 | AU69: 0.704 | AV69: 0.064 | AW69: 0.104 | AX69: 0.75 | AY69: 1 | AZ69: 0.16 | BA69: 1
A70: Farelo de Girassol com Casca | C70: Proteico | D70: C | E70: 0.93 | F70: 0.263 | G70: =F70-H70 -> 0.19725 | H70: =F70*0.25 -> 0.06575 | I70: 0.42 | J70: =(I70*K70)+(I70*(1-K70)*0.33) -> 0.1386 | M70: =IF(D70="C", 0,I70) -> 0 | N70: 0.33 | O70: =(0.0245*P70*100)-0.12 -> 1.2765 | P70: 0.57 | Q70: 0.026 | R70: =Q70*0.5077*(41.93+38.71+0.59)/100 -> 0.010722522 | S70: 0.07 | T70: =1-(I70+Q70+S70+F70) -> 0.221 | U70: 0.1139 | V70: 0.35 | Y70: 0.0048 | Z70: 0.01 | AA70: 0.0063 | AB70: 0.015 | AC70: 0.0039 | AD70: 0.0004 | AE70: 0.0012 | AG70: 32 | AH70: 45 | AI70: 88 | AJ70: 0.5 | AT70: 0.667 | AU70: 0.317 | AV70: 0.016 | AW70: 0.17 | AX70: 0.8 | AY70: 1 | AZ70: 0.27 | BA70: 1
A71: Farelo de Girassol sem Casca | C71: Proteico | D71: C | E71: 0.93 | F71: 0.402 | G71: =F71-H71 -> 0.3015 | H71: =F71*0.25 -> 0.1005 | I71: 0.38 | J71: =(I71*K71)+(I71*(1-K71)*0.33) -> 0.1254 | M71: =IF(D71="C", 0,I71) -> 0 | N71: 0.31 | O71: =(0.0245*P71*100)-0.12 -> 1.4725 | P71: 0.65 | Q71: 0.02 | R71: =Q71*0.508*(41.9+38.7+0.6)/100 -> 0.00824992 | S71: 0.077 | T71: =1-(I71+Q71+S71+F71) -> 0.121 | U71: 0.018 | V71: 0.35 | Y71: 0.0048 | Z71: 0.01 | AA71: 0.0063 | AB71: 0.015 | AC71: 0.0039 | AD71: 0.0004 | AE71: 0.0012 | AG71: 32 | AH71: 45 | AI71: 88 | AJ71: 0.5 | AT71: 0.232 | AU71: 0.704 | AV71: 0.064 | AW71: 0.104 | AX71: 0.75 | AY71: 1 | AZ71: 0.3 | BA71: 1
A72: Farelo de Linhaça | C72: Proteico | D72: C | E72: 0.88 | F72: 0.33 | G72: =F72-H72 -> 0.2145 | H72: =F72*0.35 -> 0.1155 | I72: 0.314 | J72: =(I72*K72)+(I72*(1-K72)*0.33) -> 0.10362 | M72: =IF(D72="C", 0,I72) -> 0 | N72: 0.183 | O72: =(0.0245*P72*100)-0.12 -> 1.791 | P72: 0.78 | Q72: 0.015 | R72: =Q72*0.88*(18.9+14.2+56)/100 -> 0.0117612 | S72: 0.065 | T72: =1-(I72+Q72+S72+F72) -> 0.276 | U72: 0.089 | V72: 0.35 | Y72: 0.004 | Z72: 0.0083 | AA72: 0.0055 | AB72: 0.0122 | AC72: 0.0037 | AD72: 0.0009 | AE72: 0 | AG72: 19 | AH72: 39 | AI72: 69 | AJ72: 1.05 | AT72: 0.176 | AU72: 0.699 | AV72: 0.125 | AW72: 0.054 | AX72: 0.85 | AY72: 1 | AZ72: 0.23 | BA72: 1
A73: Farelo de Soja 50 MN | C73: Proteico | D73: C | E73: 0.9 | F73: 0.49 | G73: =F73-H73 -> 0.3185 | H73: =F73*0.35 -> 0.1715 | I73: 0.15 | J73: =(I73*K73)+(I73*(1-K73)*0.25) -> 0.0375 | M73: =IF(D73="C", 0,I73) -> 0 | N73: 0.079 | O73: =(0.0245*P73*100)-0.12 -> 1.938 | P73: 0.84 | Q73: 0.028 | R73: =Q73*0.98*(0.4+13.2+54.2+8.4)/100 -> 0.02090928 | S73: 0.066 | T73: =1-(I73+Q73+S73+F73) -> 0.266 | U73: 0.024 | V73: 0.25 | Y73: 0.004 | Z73: 0.0071 | AA73: 0.0031 | AB73: 0.0222 | AC73: 0.0046 | AD73: 0.0004 | AE73: 0.0013 | AG73: 22 | AH73: 35 | AI73: 57 | AJ73: 0.21 | AT73: 0.15 | AU73: 0.844 | AV73: 0.006 | AW73: 0.075 | AX73: 0.93 | AY73: 1 | AZ73: 0.58 | BA73: 1
A74: Farelo de Soja Soy Pass | C74: Proteico | D74: C | E74: 0.9 | F74: 0.525 | G74: =F74-H74 -> 0.23625 | H74: =F74*0.55 -> 0.28875 | I74: 0.278 | J74: =(I74*K74)+(I74*(1-K74)*0.25) -> 0.0695 | M74: =IF(D74="C", 0,I74) -> 0 | N74: 0.092 | O74: =(0.0245*P74*100)-0.12 -> 1.889 | P74: 0.82 | Q74: 0.015 | R74: =Q74*0.98*(12.8+55.4+8.6)/100 -> 0.0112896 | S74: 0.066 | T74: =1-(I74+Q74+S74+F74) -> 0.116 | U74: 0.006 | V74: 0.25 | Y74: 0.004 | Z74: 0.0071 | AA74: 0.0031 | AB74: 0.0222 | AC74: 0.0046 | AD74: 0.0004 | AE74: 0.0013 | AG74: 22 | AH74: 35 | AI74: 57 | AJ74: 0.21 | AT74: 0.1 | AU74: 0.85 | AV74: 0.05 | AW74: 0.0378 | AX74: 0.8 | AY74: 1 | AZ74: 0.59 | BA74: 1
A75: Farinha de Carne | C75: Proteico | D75: C | E75: 0.939 | F75: 0.582 | G75: =F75-H75 -> 0.1455 | H75: =F75*0.75 -> 0.4365 | I75: 0.08 | M75: =IF(D75="C", 0,I75) -> 0 | N75: 0.05 | O75: =(0.0245*P75*100)-0.12 -> 1.6195 | P75: 0.71 | Q75: 0.123 | R75: =Q75*0.608*(40.4+3.7+0.1)/100 -> 0.033054528 | S75: 0.229 | T75: 0 | U75: 0 | V75: 0 | Y75: 0.0886 | Z75: 0.042 | AA75: 0.0026 | AB75: 0.0049 | AC75: 0.0051 | AD75: 0.0078 | AE75: 0.0044 | AG75: 21 | AH75: 26 | AI75: 114 | AJ75: 0.45
A76: Farinha de Carne e Ossos | C76: Proteico | D76: C | E76: 0.95 | F76: 0.5 | G76: =F76-H76 -> 0.25 | H76: =F76*0.5 -> 0.25 | I76: 0.073 | M76: =IF(D76="C", 0,I76) -> 0 | N76: 0.04 | O76: =(0.0245*P76*100)-0.12 -> 1.4725 | P76: 0.65 | Q76: 0.123 | R76: =Q76*0.608*(0+13.5+55.9+4.3)/100 -> 0.055115808 | S76: 0.304 | T76: 0 | U76: 0 | V76: 0 | Y76: 0.106 | Z76: 0.0473 | AA76: 0.0024 | AB76: 0.0102 | AC76: 0.0039 | AD76: 0.0071 | AE76: 0.0044 | AG76: 10 | AH76: 22 | AI76: 94
A77: Farinha de Peixe | C77: Proteico | D77: C | E77: 0.9 | F77: 0.633 | G77: =F77-H77 -> 0.1899 | H77: =F77*0.7 -> 0.4431 | I77: 0.083 | M77: =IF(D77="C", 0,I77) -> 0 | N77: 0.016 | O77: =(0.0245*P77*100)-0.12 -> 1.6685 | P77: 0.73 | Q77: 0.094 | R77: =Q77*0.685*(0.2+11+1.1+1)/100 -> 0.00856387 | S77: 0.197 | T77: 0 | U77: 0 | V77: 0 | Y77: 0.0534 | Z77: 0.0305 | AA77: 0.002 | AB77: 0.0074 | AC77: 0.0116 | AD77: 0.0068 | AE77: 0.008 | AG77: 7 | AH77: 32 | AI77: 112 | AJ77: 2.26 | AK77: 1.19
A78: Farinha de Penas | C78: Proteico | D78: C | E78: 0.933 | F78: 0.85 | G78: =F78-H78 -> 0.255 | H78: =F78*0.7 -> 0.595 | I78: 0.02 | M78: =IF(D78="C", 0,I78) -> 0 | N78: 0.01 | O78: =(0.0245*P78*100)-0.12 -> 1.5705 | P78: 0.69 | Q78: 0.1 | R78: =Q78*0.785*(1.1+32.5+13.2+0.5)/100 -> 0.0371305 | S78: 0.035 | T78: 0 | U78: 0 | V78: 0 | Y78: 0.0033 | Z78: 0.005 | AA78: 0.0022 | AB78: 0.0033 | AC78: 0.0139 | AD78: 0.0034 | AE78: 0.0026 | AF78: 0.04 | AG78: 10 | AH78: 10 | AI78: 111 | AJ78: 0.69 | AK78: 0.04
A79: Farinha de Sangue | C79: Proteico | D79: C | E79: 0.9 | F79: 0.95 | G79: =F79-H79 -> 0.3325 | H79: =F79*0.65 -> 0.6175 | I79: 0 | M79: =IF(D79="C", 0,I79) -> 0 | O79: =(0.0245*P79*100)-0.12 -> 1.497 | P79: 0.66 | Q79: 0.015 | R79: =Q79*0.87*(5.13+26.47+14.89+0.46)/100 -> 0.006126975 | S79: 0.025 | T79: 0 | U79: 0 | V79: 0 | Y79: 0.003 | Z79: 0.003 | AA79: 0.0003 | AB79: 0.0033 | AC79: 0.0077 | AD79: 0.004 | AE79: 0.0033 | AG79: 10 | AH79: 9 | AI79: 33 | AJ79: 0.77
A80: Flexypro | C80: Proteico | D80: C | E80: 0.8945 | F80: 0.48 | G80: 0.08664 | H80: 0.39336 | I80: 0.369 | J80: 0.12177 | M80: =IF(D80="C", 0,I80) -> 0 | N80: 0.117 | O80: =(0.0245*P80*100)-0.12 -> 1.9135 | P80: 0.83 | Q80: 0.069 | R80: 0.024775002 | S80: 0.0354 | T80: 0.0466 | U80: 0.023 | V80: 0.3 | W80: 0.0095 | X80: 0.017 | Y80: 0.0005 | Z80: 0.0056 | AA80: 0.0014 | AB80: 0.0057 | AC80: 0.0064 | AD80: 0.0002 | AE80: 0.0019 | AG80: 8.5 | AH80: 11.5 | AI80: 63.5 | AT80: 0.01 | AU80: 0.98 | AV80: 0.01 | AW80: 0.0202 | AX80: 0.85 | AY80: 1 | AZ80: 0.54 | BA80: 1
A81: Glutenose | C81: Proteico | D81: C | E81: 0.916 | F81: 0.655 | G81: =F81-H81 -> 0.29475 | H81: =F81*0.55 -> 0.36025 | I81: 0.071 | J81: =(I81*K81)+(I81*(1-K81)*0.33) -> 0.02343 | M81: =IF(D81="C", 0,I81) -> 0 | N81: 0.053 | O81: =(0.0245*P81*100)-0.12 -> 2.0605 | P81: 0.89 | Q81: 0.027 | R81: =Q81*0.95*(22.2+57.5+2.8)/100 -> 0.02116125 | S81: 0.033 | T81: =1-(I81+Q81+S81+F81) -> 0.214 | U81: 0.162 | V81: 0.2 | Y81: 0.0006 | Z81: 0.006 | AA81: 0.0014 | AB81: 0.0046 | AC81: 0.0086 | AD81: 0.0005 | AE81: 0.0011 | AG81: 4 | AH81: 15 | AI81: 49 | AJ81: 0.34 | AT81: 0.039 | AU81: 0.909 | AV81: 0.052 | AW81: 0.023 | AX81: 0.92 | AY81: 1 | AZ81: 0.27 | BA81: 1
A82: Levedura de Cana | C82: Proteico | D82: C | E82: 0.93 | F82: 0.444 | G82: 0.2575 | H82: 0.1865 | M82: =IF(D82="C", 0,I82) -> 0 | O82: =(0.0245*P82*100)-0.12 -> 1.742 | P82: 0.76 | Q82: 0.02 | S82: 0.055 | T82: =1-(F82+I82+Q82+S82) -> 0.481 | Y82: 0.00134 | Z82: 0.0149 | AA82: 0.0027 | AB82: 0.0179 | AC82: 0.0045 | AD82: 0.0008 | AE82: 0.0008
A83: Uréia | C83: Proteico | D83: C | E83: 0.99 | F83: 2.81 | G83: 2.81 | M83: =IF(D83="C", 0,I83) -> 0 | AT83: 1 | AY83: 1
A84: Bandinha de Soja | C84: Subproduto | D84: C | E84: 0.924 | F84: 0.333 | G84: 0.2498 | H84: 0.0833 | I84: 0.1585 | J84: =(I84*K84)+(I84*(1-K84)*0.25) -> 0.039625 | M84: =IF(D84="C", 0,I84) -> 0 | N84: 0.11 | O84: =(0.0245*P84*100)-0.12 -> 2.1095 | P84: 0.91 | Q84: 0.1939 | S84: 0.0577 | T84: =1-(F84+I84+Q84+S84) -> 0.2569 | Y84: 0.0027 | Z84: 0.0065 | AA84: 0.0029 | AB84: 0.0182 | AC84: 0.0024 | AD84: 0.0002 | AE84: 0 | AT84: 0.278 | AU84: 0.702 | AV84: 0.02 | AW84: 0.109 | AX84: 0.85 | AY84: 1 | AZ84: 0.51 | BA84: 1
A85: Cama de Frango | C85: Subproduto | D85: C | E85: 0.72 | F85: 0.2 | G85: 0.18 | H85: 0.02 | I85: 0.512 | J85: =(I85*K85)+(I85*(1-K85)*0.33) -> 0.16896 | M85: =IF(D85="C", 0,I85) -> 0 | N85: 0.345 | O85: =(0.0245*P85*100)-0.12 -> 1.3108 | P85: 0.584 | Q85: 0.026 | S85: 0.148 | T85: =1-(F85+I85+Q85+S85) -> 0.114 | Y85: 0.02 | Z85: 0.01 | AA85: 0 | AB85: 0 | AC85: 0 | AD85: 0 | AE85: 0
A86: Cama de Frango + Uréia | C86: Subproduto | D86: C | E86: 0.76655172 | F86: 0.78117409 | G86: 0.76562753 | H86: 0.015546559 | I86: 0.3979919 | J86: =(I86*K86)+(I86*(1-K86)*0.33) -> 0.13133733 | M86: =IF(D86="C", 0,I86) -> 0 | N86: 0.26817814 | O86: =(0.0245*P86*100)-0.12 -> 0.99220081 | P86: 0.45395951 | Q86: 0.020210526 | S86: 0.11504453 | T86: =1-(F86+I86+Q86+S86) -> -0.31442105 | Y86: 0.015546559 | Z86: 0.0077732794 | AA86: 0 | AB86: 0 | AC86: 0 | AD86: 0 | AE86: 0
A87: Casca de Algodão | C87: Subproduto | D87: C | E87: 0.92 | F87: 0.061 | G87: =F87-H87 -> 0.061 | H87: =F87*0 -> 0 | I87: 0.847 | J87: =(I87*K87)+(I87*(1-K87)*0.5) -> 0.4235 | M87: =IF(D87="C", 0,I87) -> 0 | N87: 0.65 | O87: =(0.0245*P87*100)-0.12 -> 0.9825 | P87: 0.45 | Q87: 0.035 | R87: =Q87*0.9*(19.3+51.6+0.5)/100 -> 0.022491 | S87: 0.028 | T87: =1-(I87+Q87+S87+F87) -> 0.029 | U87: 0.012 | V87: 0.2 | Y87: 0.0018 | Z87: 0.0012 | AA87: 0.0017 | AB87: 0.0116 | AC87: 0.0007 | AD87: 0.0002 | AE87: 0.0006 | AG87: 5 | AH87: 22 | AI87: 17
A88: Casca de Soja | C88: Subproduto | D88: C | E88: 0.91 | F88: 0.121 | G88: =F88-H88 -> 0.0847 | H88: =F88*0.3 -> 0.0363 | I88: 0.659 | J88: =(I88*K88)+(I88*(1-K88)*0.25) -> 0.16475 | M88: =IF(D88="C", 0,I88) -> 0 | N88: 0.475 | O88: =(0.0245*P88*100)-0.12 -> 1.7665 | P88: 0.77 | Q88: 0.03 | R88: =Q88*0.544*(0.7+15.9+42.7+13.1)/100 -> 0.01181568 | S88: 0.048 | T88: =1-(I88+Q88+S88+F88) -> 0.142 | U88: 0.017 | V88: 0.3 | Y88: 0.0063 | Z88: 0.0017 | AA88: 0.0025 | AB88: 0.0151 | AC88: 0.0012 | AD88: 0.0001 | AE88: 0.0005 | AF88: 0.12 | AG88: 10 | AH88: 26 | AI88: 35 | AJ88: 0.21 | AT88: 0.225 | AU88: 0.722 | AV88: 0.053 | AW88: 0.062 | AX88: 0.7 | AY88: 1 | AZ88: 0.59 | BA88: 1
A89: Cevada Desidratada | C89: Subproduto | D89: C | E89: 0.927 | F89: 0.29 | G89: =F89-H89 -> 0.145 | H89: =F89*0.5 -> 0.145 | I89: 0.473 | J89: =(I89*K89)+(I89*(1-K89)*0.33) -> 0.15609 | M89: =IF(D89="C", 0,I89) -> 0 | N89: 0.229 | O89: =(0.0245*P89*100)-0.12 -> 1.6195 | P89: 0.71 | Q89: 0.08 | R89: =Q89*0.866*(14.6+48.9+4.6)/100 -> 0.04717968 | S89: 0.043 | T89: =1-(I89+Q89+S89+F89) -> 0.114 | U89: 0.091 | V89: 0.32 | Y89: 0.003 | Z89: 0.0067 | AA89: 0.0026 | AB89: 0.005 | AC89: 0.0038 | AD89: 0.0004 | AE89: 0.0007 | AG89: 11 | AH89: 45 | AI89: 85 | AJ89: 1.06 | AT89: 0.56 | AU89: 0.44 | AV89: 0 | AW89: 0.045 | AX89: 0.8 | AY89: 1 | AZ89: 0.52 | BA89: 1
A90: Cevada Umida | C90: Subproduto | D90: C | E90: 0.23 | F90: 0.29 | G90: =F90-H90 -> 0.1595 | H90: =F90*0.45 -> 0.1305 | I90: 0.471 | J90: =(I90*K90)+(I90*(1-K90)*0.33) -> 0.15543 | M90: =IF(D90="C", 0,I90) -> 0 | N90: 0.23 | O90: =(0.0245*P90*100)-0.12 -> 1.791 | P90: 0.78 | Q90: 0.095 | R90: =Q90*0.799*(11.2+53.8+5.4)/100 -> 0.05343712 | S90: 0.049 | T90: =1-(I90+Q90+S90+F90) -> 0.095 | U90: 0.044 | V90: 0.38 | Y90: 0.0035 | Z90: 0.0059 | AA90: 0.0021 | AB90: 0.0047 | AC90: 0.0033 | AD90: 0.0001 | AE90: 0.0012 | AG90: 9 | AH90: 49 | AI90: 91 | AJ90: 1.06 | AT90: 0.56 | AU90: 0.44 | AV90: 0 | AW90: 0.045 | AX90: 0.8 | AY90: 1 | AZ90: 0.52 | BA90: 1
A91: Farelo de Trigo | C91: Subproduto | D91: C | E91: 0.888 | F91: 0.17 | G91: =F91-H91 -> 0.1275 | H91: =F91*0.25 -> 0.0425 | I91: 0.44 | J91: =(I91*K91)+(I91*(1-K91)*0.33) -> 0.1452 | M91: =IF(D91="C", 0,I91) -> 0 | N91: 0.15 | O91: =(0.0245*P91*100)-0.12 -> 1.595 | P91: 0.7 | Q91: 0.045 | R91: =Q91*0.893*(17.8+59.1+4.7)/100 -> 0.03279096 | S91: 0.063 | T91: =1-(I91+Q91+S91+F91) -> 0.282 | U91: 0.218 | V91: 0.4 | Y91: 0.0013 | Z91: 0.0118 | AA91: 0.0053 | AB91: 0.0132 | AC91: 0.0021 | AD91: 0.0004 | AE91: 0.0016 | AG91: 11 | AH91: 122 | AI91: 85 | AJ91: 0.5 | AT91: 0.337 | AU91: 0.625 | AV91: 0.038 | AW91: 0.2 | AX91: 0.75 | AY91: 1 | AZ91: 0.53 | BA91: 1
A92: Goldenmil | C92: Subproduto | D92: C | E92: 0.411 | F92: 0.225 | G92: =F92-H92 -> 0.1665 | H92: =F92*0.26 -> 0.0585 | I92: 0.367 | J92: =(I92*K92)+(I92*(1-K92)*0.33) -> 0.12111 | M92: =IF(D92="C", 0,I92) -> 0 | N92: 0.117 | O92: =(0.0245*P92*100)-0.12 -> 1.9135 | P92: 0.83 | Q92: 0.043 | R92: =Q92*0.498*(0.1+19.1+50+2.9)/100 -> 0.015439494 | S92: 0.068 | T92: =1-(I92+Q92+S92+F92) -> 0.297 | U92: 0.147 | V92: 0.3 | Y92: 0.0007 | Z92: 0.01 | AA92: 0.0042 | AB92: 0.0146 | AC92: 0.0044 | AD92: 0.0013 | AE92: 0.002 | AG92: 6 | AH92: 23 | AI92: 75 | AJ92: 0.19 | AT92: 0.48 | AU92: 0.432 | AV92: 0.088 | AW92: 0.077 | AX92: 0.85 | AY92: 1 | AZ92: 0.54 | BA92: 1
A93: Polpa Cítrica | C93: Subproduto | D93: C | E93: 0.886 | F93: 0.073 | G93: =F93-H93 -> 0.0511 | H93: =F93*0.3 -> 0.0219 | I93: 0.239 | J93: =(I93*K93)+(I93*(1-K93)*0.25) -> 0.05975 | M93: =IF(D93="C", 0,I93) -> 0 | N93: 0.175 | O93: =(0.0245*P93*100)-0.12 -> 1.791 | P93: 0.78 | Q93: 0.029 | R93: =Q93*0.6*(0.1+23.3+34.9+6.4)/100 -> 0.0112578 | S93: 0.072 | T93: =1-(I93+Q93+S93+F93) -> 0.587 | U93: 0.043 | V93: 0.3 | Y93: 0.0192 | Z93: 0.0012 | AA93: 0.0012 | AB93: 0.011 | AC93: 0.001 | AD93: 0.0006 | AE93: 0.0008 | AG93: 8 | AH93: 9 | AI93: 11 | AT93: 0.417 | AU93: 0.533 | AV93: 0.05 | AW93: 0.074 | AX93: 0.8 | AY93: 1 | AZ93: 0.63 | BA93: 1
A94: Polpa de Beterraba | C94: Subproduto | D94: C | E94: 0.919 | F94: 0.088 | G94: =F94-H94 -> 0.0616 | H94: =F94*0.3 -> 0.0264 | I94: 0.433 | J94: =(I94*K94)+(I94*(1-K94)*0.25) -> 0.10825 | M94: =IF(D94="C", 0,I94) -> 0 | N94: 0.265 | O94: =(0.0245*P94*100)-0.12 -> 1.791 | P94: 0.78 | Q94: 0.016 | R94: =Q94*0.797*(0.1+11.6+49.8+6.3)/100 -> 0.008645856 | S94: 0.073 | T94: =1-(I94+Q94+S94+F94) -> 0.39 | U94: 0.036 | V94: 0.2 | Y94: 0.0091 | Z94: 0.0009 | AA94: 0.0023 | AB94: 0.0096 | AC94: 0.003 | AD94: 0.0031 | AE94: 0.0018 | AG94: 11 | AH94: 62 | AI94: 22 | AJ94: 0.14
A95: Refinazil | C95: Subproduto | D95: C | E95: 0.897 | F95: 0.253 | G95: =F95-H95 -> 0.19734 | H95: =F95*0.22 -> 0.05566 | I95: 0.347 | J95: =(I95*K95)+(I95*(1-K95)*0.33) -> 0.11451 | M95: =IF(D95="C", 0,I95) -> 0 | N95: 0.108 | O95: =(0.0245*P95*100)-0.12 -> 1.9135 | P95: 0.83 | Q95: 0.042 | R95: =Q95*0.806*(17.2+50.5+3.2)/100 -> 0.024001068 | S95: 0.068 | T95: =1-(I95+Q95+S95+F95) -> 0.29 | U95: 0.142 | V95: 0.26 | Y95: 0.0007 | Z95: 0.01 | AA95: 0.0042 | AB95: 0.0146 | AC95: 0.0044 | AD95: 0.0013 | AE95: 0.002 | AG95: 6 | AH95: 23 | AI95: 75 | AJ95: 0.19 | AT95: 0.48 | AU95: 0.432 | AV95: 0.088 | AW95: 0.077 | AX95: 0.85 | AY95: 1 | AZ95: 0.54 | BA95: 1
A96: Resíduo de Destilaria (DDG) Seco | C96: Subproduto | D96: C | E96: 0.888 | F96: 0.303 | G96: =F96-H96 -> 0.13635 | H96: =F96*0.55 -> 0.16665 | I96: 0.336 | J96: =(I96*K96)+(I96*(1-K96)*0.33) -> 0.11088 | M96: =IF(D96="C", 0,I96) -> 0 | N96: 0.16 | O96: =(0.0245*P96*100)-0.12 -> 1.987 | P96: 0.86 | Q96: 0.145 | R96: =Q96*0.794*(24.6+56.1+1.7)/100 -> 0.09486712 | S96: 0.052 | T96: =1-(I96+Q96+S96+F96) -> 0.164 | U96: 0.055 | V96: 0.17 | Y96: 0.0022 | Z96: 0.0083 | AA96: 0.0033 | AB96: 0.011 | AC96: 0.0044 | AD96: 0.003 | AE96: 0.0026 | AG96: 8 | AH96: 27 | AI96: 65 | AJ96: 0.39 | AT96: 0.285 | AU96: 0.633 | AV96: 0.082 | AW96: 0.036 | AX96: 0.8 | AY96: 1 | AZ96: 0.36 | BA96: 1
A97: Resíduo de Destilaria (DDG) Umido | C97: Subproduto | D97: C | E97: 0.323 | F97: 0.32 | G97: =F97-H97 -> 0.16 | H97: =F97*0.5 -> 0.16 | I97: 0.32 | J97: =(I97*K97)+(I97*(1-K97)*0.33) -> 0.1056 | M97: =IF(D97="C", 0,I97) -> 0 | N97: 0.163 | O97: =(0.0245*P97*100)-0.12 -> 1.987 | P97: 0.86 | Q97: 0.12 | R97: =Q97*0.8*(18+55+8)/100 -> 0.07776 | S97: 0.053 | T97: =1-(I97+Q97+S97+F97) -> 0.187 | U97: 0.037 | V97: 0.17 | Y97: 0.0022 | Z97: 0.0083 | AA97: 0.0033 | AB97: 0.011 | AC97: 0.0044 | AD97: 0.003 | AE97: 0.0026 | AG97: 8 | AH97: 27 | AI97: 65 | AJ97: 0.39 | AT97: 0.285 | AU97: 0.633 | AV97: 0.082 | AW97: 0.036 | AX97: 0.8 | AY97: 1 | AZ97: 0.36 | BA97: 1
A98: Pomace | C98: Subproduto | D98: C | E98: 0.247 | F98: 0.193 | G98: =F98-H98 -> 0.131819 | H98: =F98*0.317 -> 0.061181 | I98: 0.6 | J98: =(I98*K98)+(I98*(1-K98)*0.25) -> 0.15 | M98: =IF(D98="C", 0,I98) -> 0 | N98: 0.476 | O98: =(0.0245*P98*100)-0.12 -> 1.50925 | P98: 0.665 | Q98: 0.133 | R98: =Q98*0.98*(0.4+13.2+54.2+8.4)/100 -> 0.09931908 | S98: 0.05 | T98: =1-(I98+Q98+S98+F98) -> 0.024 | W98: 0.074 | X98: 0.0047 | Y98: 0.0022 | Z98: 0.0047 | AA98: 0.0028 | AB98: 0.0098 | AC98: 0.0015 | AD98: 0.0012 | AE98: 0 | AF98: 0 | AG98: 11 | AH98: 11 | AI98: 54 | AJ98: 0 | AK98: 0 | AL98: 541 | AT98: 0.417 | AU98: 0.533 | AV98: 0.05 | AW98: 0.074 | AX98: 0.8 | AY98: 1 | AZ98: 0.58 | BA98: 1
A99: x

Sheet Lactação
A1: LACTAÇÃO | B1: ECC ( 1 a 5) | C1: Paridade (0 ou 1) | D1: Peso médio, kg | E1: DEL médio, d | F1: Leite médio, kg/d | G1: Gordura, % | H1: Proteína, % | I1: Lactose, %
A4: Unidades | B4: R$/Kg MN | E4: % CO | F4: % MS | G4: % MS | H4: % MS | I4: % MS | J4: % MS | K4: % MN | L4: % MN | M4: % MS | N4: % MS | O4: Mcal/kg | P4: % MS | Q4: % MS | R4: % MS | S4: % MS | T4: % MS | U4: % MS | V4: %/h | W4: % MS | X4: % MS | Y4: % MS | Z4: % MS | AA4: % MS | AB4: % MS | AC4: % MS | AD4: % MS | AE4: % MS | AF4: mg/kg | AG4: mg/kg | AH4: mg/kg | AI4: mg/kg | AJ4: mg/kg | AK4: mg/kg | AL4: mg/kg | AM4: UI/kg | AN4: UI/kg | AO4: UI/kg | AP4: mg/kg | AQ4: mg/kg | AR4: mg/kg | AS4: UFC/kg
A5: Alimento | B5: Custo | E5: MS | F5: PB | G5: PDR | H5: PNDR | I5: FDN | J5: eFDN | K5: MN>8 | L5: MN>19 | M5: FDNF | N5: FDA | O5: NEl | P5: NDT | Q5: Oleo | R5: EE Insat | S5: Cinza | T5: CNF | U5: Amido | V5: kd Amido | W5: Met | X5: Lys | Y5: Ca | Z5: P | AA5: Mg | AB5: K | AC5: S | AD5: Na | AE5: Cl | AF5: Co | AG5: Cu | AH5: Mn | AI5: Zn | AJ5: Se | AK5: I | AL5: Fe | AM5: Vit A | AN5: Vit D3 | AO5: Vit E | AP5: Biotina | AQ5: Monensina | AR5: Cr | AS5: Levedura
A6: x | B6: =VLOOKUP($A6,Alimentos!$A:$BA,2,FALSE) -> 0 | C6: =VLOOKUP($A6,Alimentos!$A:$BA,4,FALSE) -> 0 | E6: =VLOOKUP($A6,Alimentos!$A:$BA,5,FALSE) -> 0 | F6: =VLOOKUP($A6,Alimentos!$A:$BA,6,FALSE) -> 0 | G6: =VLOOKUP($A6,Alimentos!$A:$BA,7,FALSE) -> 0 | H6: =VLOOKUP($A6,Alimentos!$A:$BA,8,FALSE) -> 0 | I6: =VLOOKUP($A6,Alimentos!$A:$BA,9,FALSE) -> 0 | J6: =VLOOKUP($A6,Alimentos!$A:$BA,10,FALSE) -> 0 | K6: =VLOOKUP($A6,Alimentos!$A:$BA,11,FALSE) -> 0 | L6: =VLOOKUP($A6,Alimentos!$A:$BA,12,FALSE) -> 0 | M6: =VLOOKUP($A6,Alimentos!$A:$BA,13,FALSE) -> 0 | N6: =VLOOKUP($A6,Alimentos!$A:$BA,14,FALSE) -> 0 | O6: =VLOOKUP($A6,Alimentos!$A:$BA,15,FALSE) -> 0 | P6: =VLOOKUP($A6,Alimentos!$A:$BA,16,FALSE) -> 0 | Q6: =VLOOKUP($A6,Alimentos!$A:$BA,17,FALSE) -> 0 | R6: =VLOOKUP($A6,Alimentos!$A:$BA,18,FALSE) -> 0 | S6: =VLOOKUP($A6,Alimentos!$A:$BA,19,FALSE) -> 0 | T6: =VLOOKUP($A6,Alimentos!$A:$BA,20,FALSE) -> 0 | U6: =VLOOKUP($A6,Alimentos!$A:$BA,21,FALSE) -> 0 | V6: =VLOOKUP($A6,Alimentos!$A:$BA,22,FALSE) -> 0 | W6: =VLOOKUP($A6,Alimentos!$A:$BA,23,FALSE) -> 0 | X6: =VLOOKUP($A6,Alimentos!$A:$BA,24,FALSE) -> 0 | Y6: =VLOOKUP($A6,Alimentos!$A:$BA,25,FALSE) -> 0 | Z6: =VLOOKUP($A6,Alimentos!$A:$BA,26,FALSE) -> 0 | AA6: =VLOOKUP($A6,Alimentos!$A:$BA,27,FALSE) -> 0 | AB6: =VLOOKUP($A6,Alimentos!$A:$BA,28,FALSE) -> 0 | AC6: =VLOOKUP($A6,Alimentos!$A:$BA,29,FALSE) -> 0 | AD6: =VLOOKUP($A6,Alimentos!$A:$BA,30,FALSE) -> 0 | AE6: =VLOOKUP($A6,Alimentos!$A:$BA,31,FALSE) -> 0 | AF6: =VLOOKUP($A6,Alimentos!$A:$BA,32,FALSE) -> 0 | AG6: =VLOOKUP($A6,Alimentos!$A:$BA,33,FALSE) -> 0 | AH6: =VLOOKUP($A6,Alimentos!$A:$BA,34,FALSE) -> 0 | AI6: =VLOOKUP($A6,Alimentos!$A:$BA,35,FALSE) -> 0 | AJ6: =VLOOKUP($A6,Alimentos!$A:$BA,36,FALSE) -> 0 | AK6: =VLOOKUP($A6,Alimentos!$A:$BA,37,FALSE) -> 0 | AL6: =VLOOKUP($A6,Alimentos!$A:$BA,38,FALSE) -> 0 | AM6: =VLOOKUP($A6,Alimentos!$A:$BA,39,FALSE) -> 0 | AN6: =VLOOKUP($A6,Alimentos!$A:$BA,40,FALSE) -> 0 | AO6: =VLOOKUP($A6,Alimentos!$A:$BA,41,FALSE) -> 0 | AP6: =VLOOKUP($A6,Alimentos!$A:$BA,42,FALSE) -> 0 | AQ6: =VLOOKUP($A6,Alimentos!$A:$BA,43,FALSE) -> 0 | AR6: =VLOOKUP($A6,Alimentos!$A:$BA,44,FALSE) -> 0 | AS6: =VLOOKUP($A6,Alimentos!$A:$BA,45,FALSE) -> 0
A7: x | B7: =VLOOKUP($A7,Alimentos!$A:$BA,2,FALSE) -> 0 | C7: =VLOOKUP($A7,Alimentos!$A:$BA,4,FALSE) -> 0 | E7: =VLOOKUP($A7,Alimentos!$A:$BA,5,FALSE) -> 0 | F7: =VLOOKUP($A7,Alimentos!$A:$BA,6,FALSE) -> 0 | G7: =VLOOKUP($A7,Alimentos!$A:$BA,7,FALSE) -> 0 | H7: =VLOOKUP($A7,Alimentos!$A:$BA,8,FALSE) -> 0 | I7: =VLOOKUP($A7,Alimentos!$A:$BA,9,FALSE) -> 0 | J7: =VLOOKUP($A7,Alimentos!$A:$BA,10,FALSE) -> 0 | K7: =VLOOKUP($A7,Alimentos!$A:$BA,11,FALSE) -> 0 | L7: =VLOOKUP($A7,Alimentos!$A:$BA,12,FALSE) -> 0 | M7: =VLOOKUP($A7,Alimentos!$A:$BA,13,FALSE) -> 0 | N7: =VLOOKUP($A7,Alimentos!$A:$BA,14,FALSE) -> 0 | O7: =VLOOKUP($A7,Alimentos!$A:$BA,15,FALSE) -> 0 | P7: =VLOOKUP($A7,Alimentos!$A:$BA,16,FALSE) -> 0 | Q7: =VLOOKUP($A7,Alimentos!$A:$BA,17,FALSE) -> 0 | R7: =VLOOKUP($A7,Alimentos!$A:$BA,18,FALSE) -> 0 | S7: =VLOOKUP($A7,Alimentos!$A:$BA,19,FALSE) -> 0 | T7: =VLOOKUP($A7,Alimentos!$A:$BA,20,FALSE) -> 0 | U7: =VLOOKUP($A7,Alimentos!$A:$BA,21,FALSE) -> 0 | V7: =VLOOKUP($A7,Alimentos!$A:$BA,22,FALSE) -> 0 | W7: =VLOOKUP($A7,Alimentos!$A:$BA,23,FALSE) -> 0 | X7: =VLOOKUP($A7,Alimentos!$A:$BA,24,FALSE) -> 0 | Y7: =VLOOKUP($A7,Alimentos!$A:$BA,25,FALSE) -> 0 | Z7: =VLOOKUP($A7,Alimentos!$A:$BA,26,FALSE) -> 0 | AA7: =VLOOKUP($A7,Alimentos!$A:$BA,27,FALSE) -> 0 | AB7: =VLOOKUP($A7,Alimentos!$A:$BA,28,FALSE) -> 0 | AC7: =VLOOKUP($A7,Alimentos!$A:$BA,29,FALSE) -> 0 | AD7: =VLOOKUP($A7,Alimentos!$A:$BA,30,FALSE) -> 0 | AE7: =VLOOKUP($A7,Alimentos!$A:$BA,31,FALSE) -> 0 | AF7: =VLOOKUP($A7,Alimentos!$A:$BA,32,FALSE) -> 0 | AG7: =VLOOKUP($A7,Alimentos!$A:$BA,33,FALSE) -> 0 | AH7: =VLOOKUP($A7,Alimentos!$A:$BA,34,FALSE) -> 0 | AI7: =VLOOKUP($A7,Alimentos!$A:$BA,35,FALSE) -> 0 | AJ7: =VLOOKUP($A7,Alimentos!$A:$BA,36,FALSE) -> 0 | AK7: =VLOOKUP($A7,Alimentos!$A:$BA,37,FALSE) -> 0 | AL7: =VLOOKUP($A7,Alimentos!$A:$BA,38,FALSE) -> 0 | AM7: =VLOOKUP($A7,Alimentos!$A:$BA,39,FALSE) -> 0 | AN7: =VLOOKUP($A7,Alimentos!$A:$BA,40,FALSE) -> 0 | AO7: =VLOOKUP($A7,Alimentos!$A:$BA,41,FALSE) -> 0 | AP7: =VLOOKUP($A7,Alimentos!$A:$BA,42,FALSE) -> 0 | AQ7: =VLOOKUP($A7,Alimentos!$A:$BA,43,FALSE) -> 0 | AR7: =VLOOKUP($A7,Alimentos!$A:$BA,44,FALSE) -> 0 | AS7: =VLOOKUP($A7,Alimentos!$A:$BA,45,FALSE) -> 0
A8: x | B8: =VLOOKUP($A8,Alimentos!$A:$BA,2,FALSE) -> 0 | C8: =VLOOKUP($A8,Alimentos!$A:$BA,4,FALSE) -> 0 | E8: =VLOOKUP($A8,Alimentos!$A:$BA,5,FALSE) -> 0 | F8: =VLOOKUP($A8,Alimentos!$A:$BA,6,FALSE) -> 0 | G8: =VLOOKUP($A8,Alimentos!$A:$BA,7,FALSE) -> 0 | H8: =VLOOKUP($A8,Alimentos!$A:$BA,8,FALSE) -> 0 | I8: =VLOOKUP($A8,Alimentos!$A:$BA,9,FALSE) -> 0 | J8: =VLOOKUP($A8,Alimentos!$A:$BA,10,FALSE) -> 0 | K8: =VLOOKUP($A8,Alimentos!$A:$BA,11,FALSE) -> 0 | L8: =VLOOKUP($A8,Alimentos!$A:$BA,12,FALSE) -> 0 | M8: =VLOOKUP($A8,Alimentos!$A:$BA,13,FALSE) -> 0 | N8: =VLOOKUP($A8,Alimentos!$A:$BA,14,FALSE) -> 0 | O8: =VLOOKUP($A8,Alimentos!$A:$BA,15,FALSE) -> 0 | P8: =VLOOKUP($A8,Alimentos!$A:$BA,16,FALSE) -> 0 | Q8: =VLOOKUP($A8,Alimentos!$A:$BA,17,FALSE) -> 0 | R8: =VLOOKUP($A8,Alimentos!$A:$BA,18,FALSE) -> 0 | S8: =VLOOKUP($A8,Alimentos!$A:$BA,19,FALSE) -> 0 | T8: =VLOOKUP($A8,Alimentos!$A:$BA,20,FALSE) -> 0 | U8: =VLOOKUP($A8,Alimentos!$A:$BA,21,FALSE) -> 0 | V8: =VLOOKUP($A8,Alimentos!$A:$BA,22,FALSE) -> 0 | W8: =VLOOKUP($A8,Alimentos!$A:$BA,23,FALSE) -> 0 | X8: =VLOOKUP($A8,Alimentos!$A:$BA,24,FALSE) -> 0 | Y8: =VLOOKUP($A8,Alimentos!$A:$BA,25,FALSE) -> 0 | Z8: =VLOOKUP($A8,Alimentos!$A:$BA,26,FALSE) -> 0 | AA8: =VLOOKUP($A8,Alimentos!$A:$BA,27,FALSE) -> 0 | AB8: =VLOOKUP($A8,Alimentos!$A:$BA,28,FALSE) -> 0 | AC8: =VLOOKUP($A8,Alimentos!$A:$BA,29,FALSE) -> 0 | AD8: =VLOOKUP($A8,Alimentos!$A:$BA,30,FALSE) -> 0 | AE8: =VLOOKUP($A8,Alimentos!$A:$BA,31,FALSE) -> 0 | AF8: =VLOOKUP($A8,Alimentos!$A:$BA,32,FALSE) -> 0 | AG8: =VLOOKUP($A8,Alimentos!$A:$BA,33,FALSE) -> 0 | AH8: =VLOOKUP($A8,Alimentos!$A:$BA,34,FALSE) -> 0 | AI8: =VLOOKUP($A8,Alimentos!$A:$BA,35,FALSE) -> 0 | AJ8: =VLOOKUP($A8,Alimentos!$A:$BA,36,FALSE) -> 0 | AK8: =VLOOKUP($A8,Alimentos!$A:$BA,37,FALSE) -> 0 | AL8: =VLOOKUP($A8,Alimentos!$A:$BA,38,FALSE) -> 0 | AM8: =VLOOKUP($A8,Alimentos!$A:$BA,39,FALSE) -> 0 | AN8: =VLOOKUP($A8,Alimentos!$A:$BA,40,FALSE) -> 0 | AO8: =VLOOKUP($A8,Alimentos!$A:$BA,41,FALSE) -> 0 | AP8: =VLOOKUP($A8,Alimentos!$A:$BA,42,FALSE) -> 0 | AQ8: =VLOOKUP($A8,Alimentos!$A:$BA,43,FALSE) -> 0 | AR8: =VLOOKUP($A8,Alimentos!$A:$BA,44,FALSE) -> 0 | AS8: =VLOOKUP($A8,Alimentos!$A:$BA,45,FALSE) -> 0
A9: x | B9: =VLOOKUP($A9,Alimentos!$A:$BA,2,FALSE) -> 0 | C9: =VLOOKUP($A9,Alimentos!$A:$BA,4,FALSE) -> 0 | E9: =VLOOKUP($A9,Alimentos!$A:$BA,5,FALSE) -> 0 | F9: =VLOOKUP($A9,Alimentos!$A:$BA,6,FALSE) -> 0 | G9: =VLOOKUP($A9,Alimentos!$A:$BA,7,FALSE) -> 0 | H9: =VLOOKUP($A9,Alimentos!$A:$BA,8,FALSE) -> 0 | I9: =VLOOKUP($A9,Alimentos!$A:$BA,9,FALSE) -> 0 | J9: =VLOOKUP($A9,Alimentos!$A:$BA,10,FALSE) -> 0 | K9: =VLOOKUP($A9,Alimentos!$A:$BA,11,FALSE) -> 0 | L9: =VLOOKUP($A9,Alimentos!$A:$BA,12,FALSE) -> 0 | M9: =VLOOKUP($A9,Alimentos!$A:$BA,13,FALSE) -> 0 | N9: =VLOOKUP($A9,Alimentos!$A:$BA,14,FALSE) -> 0 | O9: =VLOOKUP($A9,Alimentos!$A:$BA,15,FALSE) -> 0 | P9: =VLOOKUP($A9,Alimentos!$A:$BA,16,FALSE) -> 0 | Q9: =VLOOKUP($A9,Alimentos!$A:$BA,17,FALSE) -> 0 | R9: =VLOOKUP($A9,Alimentos!$A:$BA,18,FALSE) -> 0 | S9: =VLOOKUP($A9,Alimentos!$A:$BA,19,FALSE) -> 0 | T9: =VLOOKUP($A9,Alimentos!$A:$BA,20,FALSE) -> 0 | U9: =VLOOKUP($A9,Alimentos!$A:$BA,21,FALSE) -> 0 | V9: =VLOOKUP($A9,Alimentos!$A:$BA,22,FALSE) -> 0 | W9: =VLOOKUP($A9,Alimentos!$A:$BA,23,FALSE) -> 0 | X9: =VLOOKUP($A9,Alimentos!$A:$BA,24,FALSE) -> 0 | Y9: =VLOOKUP($A9,Alimentos!$A:$BA,25,FALSE) -> 0 | Z9: =VLOOKUP($A9,Alimentos!$A:$BA,26,FALSE) -> 0 | AA9: =VLOOKUP($A9,Alimentos!$A:$BA,27,FALSE) -> 0 | AB9: =VLOOKUP($A9,Alimentos!$A:$BA,28,FALSE) -> 0 | AC9: =VLOOKUP($A9,Alimentos!$A:$BA,29,FALSE) -> 0 | AD9: =VLOOKUP($A9,Alimentos!$A:$BA,30,FALSE) -> 0 | AE9: =VLOOKUP($A9,Alimentos!$A:$BA,31,FALSE) -> 0 | AF9: =VLOOKUP($A9,Alimentos!$A:$BA,32,FALSE) -> 0 | AG9: =VLOOKUP($A9,Alimentos!$A:$BA,33,FALSE) -> 0 | AH9: =VLOOKUP($A9,Alimentos!$A:$BA,34,FALSE) -> 0 | AI9: =VLOOKUP($A9,Alimentos!$A:$BA,35,FALSE) -> 0 | AJ9: =VLOOKUP($A9,Alimentos!$A:$BA,36,FALSE) -> 0 | AK9: =VLOOKUP($A9,Alimentos!$A:$BA,37,FALSE) -> 0 | AL9: =VLOOKUP($A9,Alimentos!$A:$BA,38,FALSE) -> 0 | AM9: =VLOOKUP($A9,Alimentos!$A:$BA,39,FALSE) -> 0 | AN9: =VLOOKUP($A9,Alimentos!$A:$BA,40,FALSE) -> 0 | AO9: =VLOOKUP($A9,Alimentos!$A:$BA,41,FALSE) -> 0 | AP9: =VLOOKUP($A9,Alimentos!$A:$BA,42,FALSE) -> 0 | AQ9: =VLOOKUP($A9,Alimentos!$A:$BA,43,FALSE) -> 0 | AR9: =VLOOKUP($A9,Alimentos!$A:$BA,44,FALSE) -> 0 | AS9: =VLOOKUP($A9,Alimentos!$A:$BA,45,FALSE) -> 0
A10: x | B10: =VLOOKUP($A10,Alimentos!$A:$BA,2,FALSE) -> 0 | C10: =VLOOKUP($A10,Alimentos!$A:$BA,4,FALSE) -> 0 | E10: =VLOOKUP($A10,Alimentos!$A:$BA,5,FALSE) -> 0 | F10: =VLOOKUP($A10,Alimentos!$A:$BA,6,FALSE) -> 0 | G10: =VLOOKUP($A10,Alimentos!$A:$BA,7,FALSE) -> 0 | H10: =VLOOKUP($A10,Alimentos!$A:$BA,8,FALSE) -> 0 | I10: =VLOOKUP($A10,Alimentos!$A:$BA,9,FALSE) -> 0 | J10: =VLOOKUP($A10,Alimentos!$A:$BA,10,FALSE) -> 0 | K10: =VLOOKUP($A10,Alimentos!$A:$BA,11,FALSE) -> 0 | L10: =VLOOKUP($A10,Alimentos!$A:$BA,12,FALSE) -> 0 | M10: =VLOOKUP($A10,Alimentos!$A:$BA,13,FALSE) -> 0 | N10: =VLOOKUP($A10,Alimentos!$A:$BA,14,FALSE) -> 0 | O10: =VLOOKUP($A10,Alimentos!$A:$BA,15,FALSE) -> 0 | P10: =VLOOKUP($A10,Alimentos!$A:$BA,16,FALSE) -> 0 | Q10: =VLOOKUP($A10,Alimentos!$A:$BA,17,FALSE) -> 0 | R10: =VLOOKUP($A10,Alimentos!$A:$BA,18,FALSE) -> 0 | S10: =VLOOKUP($A10,Alimentos!$A:$BA,19,FALSE) -> 0 | T10: =VLOOKUP($A10,Alimentos!$A:$BA,20,FALSE) -> 0 | U10: =VLOOKUP($A10,Alimentos!$A:$BA,21,FALSE) -> 0 | V10: =VLOOKUP($A10,Alimentos!$A:$BA,22,FALSE) -> 0 | W10: =VLOOKUP($A10,Alimentos!$A:$BA,23,FALSE) -> 0 | X10: =VLOOKUP($A10,Alimentos!$A:$BA,24,FALSE) -> 0 | Y10: =VLOOKUP($A10,Alimentos!$A:$BA,25,FALSE) -> 0 | Z10: =VLOOKUP($A10,Alimentos!$A:$BA,26,FALSE) -> 0 | AA10: =VLOOKUP($A10,Alimentos!$A:$BA,27,FALSE) -> 0 | AB10: =VLOOKUP($A10,Alimentos!$A:$BA,28,FALSE) -> 0 | AC10: =VLOOKUP($A10,Alimentos!$A:$BA,29,FALSE) -> 0 | AD10: =VLOOKUP($A10,Alimentos!$A:$BA,30,FALSE) -> 0 | AE10: =VLOOKUP($A10,Alimentos!$A:$BA,31,FALSE) -> 0 | AF10: =VLOOKUP($A10,Alimentos!$A:$BA,32,FALSE) -> 0 | AG10: =VLOOKUP($A10,Alimentos!$A:$BA,33,FALSE) -> 0 | AH10: =VLOOKUP($A10,Alimentos!$A:$BA,34,FALSE) -> 0 | AI10: =VLOOKUP($A10,Alimentos!$A:$BA,35,FALSE) -> 0 | AJ10: =VLOOKUP($A10,Alimentos!$A:$BA,36,FALSE) -> 0 | AK10: =VLOOKUP($A10,Alimentos!$A:$BA,37,FALSE) -> 0 | AL10: =VLOOKUP($A10,Alimentos!$A:$BA,38,FALSE) -> 0 | AM10: =VLOOKUP($A10,Alimentos!$A:$BA,39,FALSE) -> 0 | AN10: =VLOOKUP($A10,Alimentos!$A:$BA,40,FALSE) -> 0 | AO10: =VLOOKUP($A10,Alimentos!$A:$BA,41,FALSE) -> 0 | AP10: =VLOOKUP($A10,Alimentos!$A:$BA,42,FALSE) -> 0 | AQ10: =VLOOKUP($A10,Alimentos!$A:$BA,43,FALSE) -> 0 | AR10: =VLOOKUP($A10,Alimentos!$A:$BA,44,FALSE) -> 0 | AS10: =VLOOKUP($A10,Alimentos!$A:$BA,45,FALSE) -> 0
A11: x | B11: =VLOOKUP($A11,Alimentos!$A:$BA,2,FALSE) -> 0 | C11: =VLOOKUP($A11,Alimentos!$A:$BA,4,FALSE) -> 0 | E11: =VLOOKUP($A11,Alimentos!$A:$BA,5,FALSE) -> 0 | F11: =VLOOKUP($A11,Alimentos!$A:$BA,6,FALSE) -> 0 | G11: =VLOOKUP($A11,Alimentos!$A:$BA,7,FALSE) -> 0 | H11: =VLOOKUP($A11,Alimentos!$A:$BA,8,FALSE) -> 0 | I11: =VLOOKUP($A11,Alimentos!$A:$BA,9,FALSE) -> 0 | J11: =VLOOKUP($A11,Alimentos!$A:$BA,10,FALSE) -> 0 | K11: =VLOOKUP($A11,Alimentos!$A:$BA,11,FALSE) -> 0 | L11: =VLOOKUP($A11,Alimentos!$A:$BA,12,FALSE) -> 0 | M11: =VLOOKUP($A11,Alimentos!$A:$BA,13,FALSE) -> 0 | N11: =VLOOKUP($A11,Alimentos!$A:$BA,14,FALSE) -> 0 | O11: =VLOOKUP($A11,Alimentos!$A:$BA,15,FALSE) -> 0 | P11: =VLOOKUP($A11,Alimentos!$A:$BA,16,FALSE) -> 0 | Q11: =VLOOKUP($A11,Alimentos!$A:$BA,17,FALSE) -> 0 | R11: =VLOOKUP($A11,Alimentos!$A:$BA,18,FALSE) -> 0 | S11: =VLOOKUP($A11,Alimentos!$A:$BA,19,FALSE) -> 0 | T11: =VLOOKUP($A11,Alimentos!$A:$BA,20,FALSE) -> 0 | U11: =VLOOKUP($A11,Alimentos!$A:$BA,21,FALSE) -> 0 | V11: =VLOOKUP($A11,Alimentos!$A:$BA,22,FALSE) -> 0 | W11: =VLOOKUP($A11,Alimentos!$A:$BA,23,FALSE) -> 0 | X11: =VLOOKUP($A11,Alimentos!$A:$BA,24,FALSE) -> 0 | Y11: =VLOOKUP($A11,Alimentos!$A:$BA,25,FALSE) -> 0 | Z11: =VLOOKUP($A11,Alimentos!$A:$BA,26,FALSE) -> 0 | AA11: =VLOOKUP($A11,Alimentos!$A:$BA,27,FALSE) -> 0 | AB11: =VLOOKUP($A11,Alimentos!$A:$BA,28,FALSE) -> 0 | AC11: =VLOOKUP($A11,Alimentos!$A:$BA,29,FALSE) -> 0 | AD11: =VLOOKUP($A11,Alimentos!$A:$BA,30,FALSE) -> 0 | AE11: =VLOOKUP($A11,Alimentos!$A:$BA,31,FALSE) -> 0 | AF11: =VLOOKUP($A11,Alimentos!$A:$BA,32,FALSE) -> 0 | AG11: =VLOOKUP($A11,Alimentos!$A:$BA,33,FALSE) -> 0 | AH11: =VLOOKUP($A11,Alimentos!$A:$BA,34,FALSE) -> 0 | AI11: =VLOOKUP($A11,Alimentos!$A:$BA,35,FALSE) -> 0 | AJ11: =VLOOKUP($A11,Alimentos!$A:$BA,36,FALSE) -> 0 | AK11: =VLOOKUP($A11,Alimentos!$A:$BA,37,FALSE) -> 0 | AL11: =VLOOKUP($A11,Alimentos!$A:$BA,38,FALSE) -> 0 | AM11: =VLOOKUP($A11,Alimentos!$A:$BA,39,FALSE) -> 0 | AN11: =VLOOKUP($A11,Alimentos!$A:$BA,40,FALSE) -> 0 | AO11: =VLOOKUP($A11,Alimentos!$A:$BA,41,FALSE) -> 0 | AP11: =VLOOKUP($A11,Alimentos!$A:$BA,42,FALSE) -> 0 | AQ11: =VLOOKUP($A11,Alimentos!$A:$BA,43,FALSE) -> 0 | AR11: =VLOOKUP($A11,Alimentos!$A:$BA,44,FALSE) -> 0 | AS11: =VLOOKUP($A11,Alimentos!$A:$BA,45,FALSE) -> 0
A12: x | B12: =VLOOKUP($A12,Alimentos!$A:$BA,2,FALSE) -> 0 | C12: =VLOOKUP($A12,Alimentos!$A:$BA,4,FALSE) -> 0 | E12: =VLOOKUP($A12,Alimentos!$A:$BA,5,FALSE) -> 0 | F12: =VLOOKUP($A12,Alimentos!$A:$BA,6,FALSE) -> 0 | G12: =VLOOKUP($A12,Alimentos!$A:$BA,7,FALSE) -> 0 | H12: =VLOOKUP($A12,Alimentos!$A:$BA,8,FALSE) -> 0 | I12: =VLOOKUP($A12,Alimentos!$A:$BA,9,FALSE) -> 0 | J12: =VLOOKUP($A12,Alimentos!$A:$BA,10,FALSE) -> 0 | K12: =VLOOKUP($A12,Alimentos!$A:$BA,11,FALSE) -> 0 | L12: =VLOOKUP($A12,Alimentos!$A:$BA,12,FALSE) -> 0 | M12: =VLOOKUP($A12,Alimentos!$A:$BA,13,FALSE) -> 0 | N12: =VLOOKUP($A12,Alimentos!$A:$BA,14,FALSE) -> 0 | O12: =VLOOKUP($A12,Alimentos!$A:$BA,15,FALSE) -> 0 | P12: =VLOOKUP($A12,Alimentos!$A:$BA,16,FALSE) -> 0 | Q12: =VLOOKUP($A12,Alimentos!$A:$BA,17,FALSE) -> 0 | R12: =VLOOKUP($A12,Alimentos!$A:$BA,18,FALSE) -> 0 | S12: =VLOOKUP($A12,Alimentos!$A:$BA,19,FALSE) -> 0 | T12: =VLOOKUP($A12,Alimentos!$A:$BA,20,FALSE) -> 0 | U12: =VLOOKUP($A12,Alimentos!$A:$BA,21,FALSE) -> 0 | V12: =VLOOKUP($A12,Alimentos!$A:$BA,22,FALSE) -> 0 | W12: =VLOOKUP($A12,Alimentos!$A:$BA,23,FALSE) -> 0 | X12: =VLOOKUP($A12,Alimentos!$A:$BA,24,FALSE) -> 0 | Y12: =VLOOKUP($A12,Alimentos!$A:$BA,25,FALSE) -> 0 | Z12: =VLOOKUP($A12,Alimentos!$A:$BA,26,FALSE) -> 0 | AA12: =VLOOKUP($A12,Alimentos!$A:$BA,27,FALSE) -> 0 | AB12: =VLOOKUP($A12,Alimentos!$A:$BA,28,FALSE) -> 0 | AC12: =VLOOKUP($A12,Alimentos!$A:$BA,29,FALSE) -> 0 | AD12: =VLOOKUP($A12,Alimentos!$A:$BA,30,FALSE) -> 0 | AE12: =VLOOKUP($A12,Alimentos!$A:$BA,31,FALSE) -> 0 | AF12: =VLOOKUP($A12,Alimentos!$A:$BA,32,FALSE) -> 0 | AG12: =VLOOKUP($A12,Alimentos!$A:$BA,33,FALSE) -> 0 | AH12: =VLOOKUP($A12,Alimentos!$A:$BA,34,FALSE) -> 0 | AI12: =VLOOKUP($A12,Alimentos!$A:$BA,35,FALSE) -> 0 | AJ12: =VLOOKUP($A12,Alimentos!$A:$BA,36,FALSE) -> 0 | AK12: =VLOOKUP($A12,Alimentos!$A:$BA,37,FALSE) -> 0 | AL12: =VLOOKUP($A12,Alimentos!$A:$BA,38,FALSE) -> 0 | AM12: =VLOOKUP($A12,Alimentos!$A:$BA,39,FALSE) -> 0 | AN12: =VLOOKUP($A12,Alimentos!$A:$BA,40,FALSE) -> 0 | AO12: =VLOOKUP($A12,Alimentos!$A:$BA,41,FALSE) -> 0 | AP12: =VLOOKUP($A12,Alimentos!$A:$BA,42,FALSE) -> 0 | AQ12: =VLOOKUP($A12,Alimentos!$A:$BA,43,FALSE) -> 0 | AR12: =VLOOKUP($A12,Alimentos!$A:$BA,44,FALSE) -> 0 | AS12: =VLOOKUP($A12,Alimentos!$A:$BA,45,FALSE) -> 0
A13: x | B13: =VLOOKUP($A13,Alimentos!$A:$BA,2,FALSE) -> 0 | C13: =VLOOKUP($A13,Alimentos!$A:$BA,4,FALSE) -> 0 | E13: =VLOOKUP($A13,Alimentos!$A:$BA,5,FALSE) -> 0 | F13: =VLOOKUP($A13,Alimentos!$A:$BA,6,FALSE) -> 0 | G13: =VLOOKUP($A13,Alimentos!$A:$BA,7,FALSE) -> 0 | H13: =VLOOKUP($A13,Alimentos!$A:$BA,8,FALSE) -> 0 | I13: =VLOOKUP($A13,Alimentos!$A:$BA,9,FALSE) -> 0 | J13: =VLOOKUP($A13,Alimentos!$A:$BA,10,FALSE) -> 0 | K13: =VLOOKUP($A13,Alimentos!$A:$BA,11,FALSE) -> 0 | L13: =VLOOKUP($A13,Alimentos!$A:$BA,12,FALSE) -> 0 | M13: =VLOOKUP($A13,Alimentos!$A:$BA,13,FALSE) -> 0 | N13: =VLOOKUP($A13,Alimentos!$A:$BA,14,FALSE) -> 0 | O13: =VLOOKUP($A13,Alimentos!$A:$BA,15,FALSE) -> 0 | P13: =VLOOKUP($A13,Alimentos!$A:$BA,16,FALSE) -> 0 | Q13: =VLOOKUP($A13,Alimentos!$A:$BA,17,FALSE) -> 0 | R13: =VLOOKUP($A13,Alimentos!$A:$BA,18,FALSE) -> 0 | S13: =VLOOKUP($A13,Alimentos!$A:$BA,19,FALSE) -> 0 | T13: =VLOOKUP($A13,Alimentos!$A:$BA,20,FALSE) -> 0 | U13: =VLOOKUP($A13,Alimentos!$A:$BA,21,FALSE) -> 0 | V13: =VLOOKUP($A13,Alimentos!$A:$BA,22,FALSE) -> 0 | W13: =VLOOKUP($A13,Alimentos!$A:$BA,23,FALSE) -> 0 | X13: =VLOOKUP($A13,Alimentos!$A:$BA,24,FALSE) -> 0 | Y13: =VLOOKUP($A13,Alimentos!$A:$BA,25,FALSE) -> 0 | Z13: =VLOOKUP($A13,Alimentos!$A:$BA,26,FALSE) -> 0 | AA13: =VLOOKUP($A13,Alimentos!$A:$BA,27,FALSE) -> 0 | AB13: =VLOOKUP($A13,Alimentos!$A:$BA,28,FALSE) -> 0 | AC13: =VLOOKUP($A13,Alimentos!$A:$BA,29,FALSE) -> 0 | AD13: =VLOOKUP($A13,Alimentos!$A:$BA,30,FALSE) -> 0 | AE13: =VLOOKUP($A13,Alimentos!$A:$BA,31,FALSE) -> 0 | AF13: =VLOOKUP($A13,Alimentos!$A:$BA,32,FALSE) -> 0 | AG13: =VLOOKUP($A13,Alimentos!$A:$BA,33,FALSE) -> 0 | AH13: =VLOOKUP($A13,Alimentos!$A:$BA,34,FALSE) -> 0 | AI13: =VLOOKUP($A13,Alimentos!$A:$BA,35,FALSE) -> 0 | AJ13: =VLOOKUP($A13,Alimentos!$A:$BA,36,FALSE) -> 0 | AK13: =VLOOKUP($A13,Alimentos!$A:$BA,37,FALSE) -> 0 | AL13: =VLOOKUP($A13,Alimentos!$A:$BA,38,FALSE) -> 0 | AM13: =VLOOKUP($A13,Alimentos!$A:$BA,39,FALSE) -> 0 | AN13: =VLOOKUP($A13,Alimentos!$A:$BA,40,FALSE) -> 0 | AO13: =VLOOKUP($A13,Alimentos!$A:$BA,41,FALSE) -> 0 | AP13: =VLOOKUP($A13,Alimentos!$A:$BA,42,FALSE) -> 0 | AQ13: =VLOOKUP($A13,Alimentos!$A:$BA,43,FALSE) -> 0 | AR13: =VLOOKUP($A13,Alimentos!$A:$BA,44,FALSE) -> 0 | AS13: =VLOOKUP($A13,Alimentos!$A:$BA,45,FALSE) -> 0
A14: x | B14: =VLOOKUP($A14,Alimentos!$A:$BA,2,FALSE) -> 0 | C14: =VLOOKUP($A14,Alimentos!$A:$BA,4,FALSE) -> 0 | E14: =VLOOKUP($A14,Alimentos!$A:$BA,5,FALSE) -> 0 | F14: =VLOOKUP($A14,Alimentos!$A:$BA,6,FALSE) -> 0 | G14: =VLOOKUP($A14,Alimentos!$A:$BA,7,FALSE) -> 0 | H14: =VLOOKUP($A14,Alimentos!$A:$BA,8,FALSE) -> 0 | I14: =VLOOKUP($A14,Alimentos!$A:$BA,9,FALSE) -> 0 | J14: =VLOOKUP($A14,Alimentos!$A:$BA,10,FALSE) -> 0 | K14: =VLOOKUP($A14,Alimentos!$A:$BA,11,FALSE) -> 0 | L14: =VLOOKUP($A14,Alimentos!$A:$BA,12,FALSE) -> 0 | M14: =VLOOKUP($A14,Alimentos!$A:$BA,13,FALSE) -> 0 | N14: =VLOOKUP($A14,Alimentos!$A:$BA,14,FALSE) -> 0 | O14: =VLOOKUP($A14,Alimentos!$A:$BA,15,FALSE) -> 0 | P14: =VLOOKUP($A14,Alimentos!$A:$BA,16,FALSE) -> 0 | Q14: =VLOOKUP($A14,Alimentos!$A:$BA,17,FALSE) -> 0 | R14: =VLOOKUP($A14,Alimentos!$A:$BA,18,FALSE) -> 0 | S14: =VLOOKUP($A14,Alimentos!$A:$BA,19,FALSE) -> 0 | T14: =VLOOKUP($A14,Alimentos!$A:$BA,20,FALSE) -> 0 | U14: =VLOOKUP($A14,Alimentos!$A:$BA,21,FALSE) -> 0 | V14: =VLOOKUP($A14,Alimentos!$A:$BA,22,FALSE) -> 0 | W14: =VLOOKUP($A14,Alimentos!$A:$BA,23,FALSE) -> 0 | X14: =VLOOKUP($A14,Alimentos!$A:$BA,24,FALSE) -> 0 | Y14: =VLOOKUP($A14,Alimentos!$A:$BA,25,FALSE) -> 0 | Z14: =VLOOKUP($A14,Alimentos!$A:$BA,26,FALSE) -> 0 | AA14: =VLOOKUP($A14,Alimentos!$A:$BA,27,FALSE) -> 0 | AB14: =VLOOKUP($A14,Alimentos!$A:$BA,28,FALSE) -> 0 | AC14: =VLOOKUP($A14,Alimentos!$A:$BA,29,FALSE) -> 0 | AD14: =VLOOKUP($A14,Alimentos!$A:$BA,30,FALSE) -> 0 | AE14: =VLOOKUP($A14,Alimentos!$A:$BA,31,FALSE) -> 0 | AF14: =VLOOKUP($A14,Alimentos!$A:$BA,32,FALSE) -> 0 | AG14: =VLOOKUP($A14,Alimentos!$A:$BA,33,FALSE) -> 0 | AH14: =VLOOKUP($A14,Alimentos!$A:$BA,34,FALSE) -> 0 | AI14: =VLOOKUP($A14,Alimentos!$A:$BA,35,FALSE) -> 0 | AJ14: =VLOOKUP($A14,Alimentos!$A:$BA,36,FALSE) -> 0 | AK14: =VLOOKUP($A14,Alimentos!$A:$BA,37,FALSE) -> 0 | AL14: =VLOOKUP($A14,Alimentos!$A:$BA,38,FALSE) -> 0 | AM14: =VLOOKUP($A14,Alimentos!$A:$BA,39,FALSE) -> 0 | AN14: =VLOOKUP($A14,Alimentos!$A:$BA,40,FALSE) -> 0 | AO14: =VLOOKUP($A14,Alimentos!$A:$BA,41,FALSE) -> 0 | AP14: =VLOOKUP($A14,Alimentos!$A:$BA,42,FALSE) -> 0 | AQ14: =VLOOKUP($A14,Alimentos!$A:$BA,43,FALSE) -> 0 | AR14: =VLOOKUP($A14,Alimentos!$A:$BA,44,FALSE) -> 0 | AS14: =VLOOKUP($A14,Alimentos!$A:$BA,45,FALSE) -> 0
A15: x | B15: =VLOOKUP($A15,Alimentos!$A:$BA,2,FALSE) -> 0 | C15: =VLOOKUP($A15,Alimentos!$A:$BA,4,FALSE) -> 0 | E15: =VLOOKUP($A15,Alimentos!$A:$BA,5,FALSE) -> 0 | F15: =VLOOKUP($A15,Alimentos!$A:$BA,6,FALSE) -> 0 | G15: =VLOOKUP($A15,Alimentos!$A:$BA,7,FALSE) -> 0 | H15: =VLOOKUP($A15,Alimentos!$A:$BA,8,FALSE) -> 0 | I15: =VLOOKUP($A15,Alimentos!$A:$BA,9,FALSE) -> 0 | J15: =VLOOKUP($A15,Alimentos!$A:$BA,10,FALSE) -> 0 | K15: =VLOOKUP($A15,Alimentos!$A:$BA,11,FALSE) -> 0 | L15: =VLOOKUP($A15,Alimentos!$A:$BA,12,FALSE) -> 0 | M15: =VLOOKUP($A15,Alimentos!$A:$BA,13,FALSE) -> 0 | N15: =VLOOKUP($A15,Alimentos!$A:$BA,14,FALSE) -> 0 | O15: =VLOOKUP($A15,Alimentos!$A:$BA,15,FALSE) -> 0 | P15: =VLOOKUP($A15,Alimentos!$A:$BA,16,FALSE) -> 0 | Q15: =VLOOKUP($A15,Alimentos!$A:$BA,17,FALSE) -> 0 | R15: =VLOOKUP($A15,Alimentos!$A:$BA,18,FALSE) -> 0 | S15: =VLOOKUP($A15,Alimentos!$A:$BA,19,FALSE) -> 0 | T15: =VLOOKUP($A15,Alimentos!$A:$BA,20,FALSE) -> 0 | U15: =VLOOKUP($A15,Alimentos!$A:$BA,21,FALSE) -> 0 | V15: =VLOOKUP($A15,Alimentos!$A:$BA,22,FALSE) -> 0 | W15: =VLOOKUP($A15,Alimentos!$A:$BA,23,FALSE) -> 0 | X15: =VLOOKUP($A15,Alimentos!$A:$BA,24,FALSE) -> 0 | Y15: =VLOOKUP($A15,Alimentos!$A:$BA,25,FALSE) -> 0 | Z15: =VLOOKUP($A15,Alimentos!$A:$BA,26,FALSE) -> 0 | AA15: =VLOOKUP($A15,Alimentos!$A:$BA,27,FALSE) -> 0 | AB15: =VLOOKUP($A15,Alimentos!$A:$BA,28,FALSE) -> 0 | AC15: =VLOOKUP($A15,Alimentos!$A:$BA,29,FALSE) -> 0 | AD15: =VLOOKUP($A15,Alimentos!$A:$BA,30,FALSE) -> 0 | AE15: =VLOOKUP($A15,Alimentos!$A:$BA,31,FALSE) -> 0 | AF15: =VLOOKUP($A15,Alimentos!$A:$BA,32,FALSE) -> 0 | AG15: =VLOOKUP($A15,Alimentos!$A:$BA,33,FALSE) -> 0 | AH15: =VLOOKUP($A15,Alimentos!$A:$BA,34,FALSE) -> 0 | AI15: =VLOOKUP($A15,Alimentos!$A:$BA,35,FALSE) -> 0 | AJ15: =VLOOKUP($A15,Alimentos!$A:$BA,36,FALSE) -> 0 | AK15: =VLOOKUP($A15,Alimentos!$A:$BA,37,FALSE) -> 0 | AL15: =VLOOKUP($A15,Alimentos!$A:$BA,38,FALSE) -> 0 | AM15: =VLOOKUP($A15,Alimentos!$A:$BA,39,FALSE) -> 0 | AN15: =VLOOKUP($A15,Alimentos!$A:$BA,40,FALSE) -> 0 | AO15: =VLOOKUP($A15,Alimentos!$A:$BA,41,FALSE) -> 0 | AP15: =VLOOKUP($A15,Alimentos!$A:$BA,42,FALSE) -> 0 | AQ15: =VLOOKUP($A15,Alimentos!$A:$BA,43,FALSE) -> 0 | AR15: =VLOOKUP($A15,Alimentos!$A:$BA,44,FALSE) -> 0 | AS15: =VLOOKUP($A15,Alimentos!$A:$BA,45,FALSE) -> 0
A16: x | B16: =VLOOKUP($A16,Alimentos!$A:$BA,2,FALSE) -> 0 | C16: =VLOOKUP($A16,Alimentos!$A:$BA,4,FALSE) -> 0 | E16: =VLOOKUP($A16,Alimentos!$A:$BA,5,FALSE) -> 0 | F16: =VLOOKUP($A16,Alimentos!$A:$BA,6,FALSE) -> 0 | G16: =VLOOKUP($A16,Alimentos!$A:$BA,7,FALSE) -> 0 | H16: =VLOOKUP($A16,Alimentos!$A:$BA,8,FALSE) -> 0 | I16: =VLOOKUP($A16,Alimentos!$A:$BA,9,FALSE) -> 0 | J16: =VLOOKUP($A16,Alimentos!$A:$BA,10,FALSE) -> 0 | K16: =VLOOKUP($A16,Alimentos!$A:$BA,11,FALSE) -> 0 | L16: =VLOOKUP($A16,Alimentos!$A:$BA,12,FALSE) -> 0 | M16: =VLOOKUP($A16,Alimentos!$A:$BA,13,FALSE) -> 0 | N16: =VLOOKUP($A16,Alimentos!$A:$BA,14,FALSE) -> 0 | O16: =VLOOKUP($A16,Alimentos!$A:$BA,15,FALSE) -> 0 | P16: =VLOOKUP($A16,Alimentos!$A:$BA,16,FALSE) -> 0 | Q16: =VLOOKUP($A16,Alimentos!$A:$BA,17,FALSE) -> 0 | R16: =VLOOKUP($A16,Alimentos!$A:$BA,18,FALSE) -> 0 | S16: =VLOOKUP($A16,Alimentos!$A:$BA,19,FALSE) -> 0 | T16: =VLOOKUP($A16,Alimentos!$A:$BA,20,FALSE) -> 0 | U16: =VLOOKUP($A16,Alimentos!$A:$BA,21,FALSE) -> 0 | V16: =VLOOKUP($A16,Alimentos!$A:$BA,22,FALSE) -> 0 | W16: =VLOOKUP($A16,Alimentos!$A:$BA,23,FALSE) -> 0 | X16: =VLOOKUP($A16,Alimentos!$A:$BA,24,FALSE) -> 0 | Y16: =VLOOKUP($A16,Alimentos!$A:$BA,25,FALSE) -> 0 | Z16: =VLOOKUP($A16,Alimentos!$A:$BA,26,FALSE) -> 0 | AA16: =VLOOKUP($A16,Alimentos!$A:$BA,27,FALSE) -> 0 | AB16: =VLOOKUP($A16,Alimentos!$A:$BA,28,FALSE) -> 0 | AC16: =VLOOKUP($A16,Alimentos!$A:$BA,29,FALSE) -> 0 | AD16: =VLOOKUP($A16,Alimentos!$A:$BA,30,FALSE) -> 0 | AE16: =VLOOKUP($A16,Alimentos!$A:$BA,31,FALSE) -> 0 | AF16: =VLOOKUP($A16,Alimentos!$A:$BA,32,FALSE) -> 0 | AG16: =VLOOKUP($A16,Alimentos!$A:$BA,33,FALSE) -> 0 | AH16: =VLOOKUP($A16,Alimentos!$A:$BA,34,FALSE) -> 0 | AI16: =VLOOKUP($A16,Alimentos!$A:$BA,35,FALSE) -> 0 | AJ16: =VLOOKUP($A16,Alimentos!$A:$BA,36,FALSE) -> 0 | AK16: =VLOOKUP($A16,Alimentos!$A:$BA,37,FALSE) -> 0 | AL16: =VLOOKUP($A16,Alimentos!$A:$BA,38,FALSE) -> 0 | AM16: =VLOOKUP($A16,Alimentos!$A:$BA,39,FALSE) -> 0 | AN16: =VLOOKUP($A16,Alimentos!$A:$BA,40,FALSE) -> 0 | AO16: =VLOOKUP($A16,Alimentos!$A:$BA,41,FALSE) -> 0 | AP16: =VLOOKUP($A16,Alimentos!$A:$BA,42,FALSE) -> 0 | AQ16: =VLOOKUP($A16,Alimentos!$A:$BA,43,FALSE) -> 0 | AR16: =VLOOKUP($A16,Alimentos!$A:$BA,44,FALSE) -> 0 | AS16: =VLOOKUP($A16,Alimentos!$A:$BA,45,FALSE) -> 0
A17: x | B17: =VLOOKUP($A17,Alimentos!$A:$BA,2,FALSE) -> 0 | C17: =VLOOKUP($A17,Alimentos!$A:$BA,4,FALSE) -> 0 | E17: =VLOOKUP($A17,Alimentos!$A:$BA,5,FALSE) -> 0 | F17: =VLOOKUP($A17,Alimentos!$A:$BA,6,FALSE) -> 0 | G17: =VLOOKUP($A17,Alimentos!$A:$BA,7,FALSE) -> 0 | H17: =VLOOKUP($A17,Alimentos!$A:$BA,8,FALSE) -> 0 | I17: =VLOOKUP($A17,Alimentos!$A:$BA,9,FALSE) -> 0 | J17: =VLOOKUP($A17,Alimentos!$A:$BA,10,FALSE) -> 0 | K17: =VLOOKUP($A17,Alimentos!$A:$BA,11,FALSE) -> 0 | L17: =VLOOKUP($A17,Alimentos!$A:$BA,12,FALSE) -> 0 | M17: =VLOOKUP($A17,Alimentos!$A:$BA,13,FALSE) -> 0 | N17: =VLOOKUP($A17,Alimentos!$A:$BA,14,FALSE) -> 0 | O17: =VLOOKUP($A17,Alimentos!$A:$BA,15,FALSE) -> 0 | P17: =VLOOKUP($A17,Alimentos!$A:$BA,16,FALSE) -> 0 | Q17: =VLOOKUP($A17,Alimentos!$A:$BA,17,FALSE) -> 0 | R17: =VLOOKUP($A17,Alimentos!$A:$BA,18,FALSE) -> 0 | S17: =VLOOKUP($A17,Alimentos!$A:$BA,19,FALSE) -> 0 | T17: =VLOOKUP($A17,Alimentos!$A:$BA,20,FALSE) -> 0 | U17: =VLOOKUP($A17,Alimentos!$A:$BA,21,FALSE) -> 0 | V17: =VLOOKUP($A17,Alimentos!$A:$BA,22,FALSE) -> 0 | W17: =VLOOKUP($A17,Alimentos!$A:$BA,23,FALSE) -> 0 | X17: =VLOOKUP($A17,Alimentos!$A:$BA,24,FALSE) -> 0 | Y17: =VLOOKUP($A17,Alimentos!$A:$BA,25,FALSE) -> 0 | Z17: =VLOOKUP($A17,Alimentos!$A:$BA,26,FALSE) -> 0 | AA17: =VLOOKUP($A17,Alimentos!$A:$BA,27,FALSE) -> 0 | AB17: =VLOOKUP($A17,Alimentos!$A:$BA,28,FALSE) -> 0 | AC17: =VLOOKUP($A17,Alimentos!$A:$BA,29,FALSE) -> 0 | AD17: =VLOOKUP($A17,Alimentos!$A:$BA,30,FALSE) -> 0 | AE17: =VLOOKUP($A17,Alimentos!$A:$BA,31,FALSE) -> 0 | AF17: =VLOOKUP($A17,Alimentos!$A:$BA,32,FALSE) -> 0 | AG17: =VLOOKUP($A17,Alimentos!$A:$BA,33,FALSE) -> 0 | AH17: =VLOOKUP($A17,Alimentos!$A:$BA,34,FALSE) -> 0 | AI17: =VLOOKUP($A17,Alimentos!$A:$BA,35,FALSE) -> 0 | AJ17: =VLOOKUP($A17,Alimentos!$A:$BA,36,FALSE) -> 0 | AK17: =VLOOKUP($A17,Alimentos!$A:$BA,37,FALSE) -> 0 | AL17: =VLOOKUP($A17,Alimentos!$A:$BA,38,FALSE) -> 0 | AM17: =VLOOKUP($A17,Alimentos!$A:$BA,39,FALSE) -> 0 | AN17: =VLOOKUP($A17,Alimentos!$A:$BA,40,FALSE) -> 0 | AO17: =VLOOKUP($A17,Alimentos!$A:$BA,41,FALSE) -> 0 | AP17: =VLOOKUP($A17,Alimentos!$A:$BA,42,FALSE) -> 0 | AQ17: =VLOOKUP($A17,Alimentos!$A:$BA,43,FALSE) -> 0 | AR17: =VLOOKUP($A17,Alimentos!$A:$BA,44,FALSE) -> 0 | AS17: =VLOOKUP($A17,Alimentos!$A:$BA,45,FALSE) -> 0
... A21: x | B21: =VLOOKUP($A21,Alimentos!$A:$BA,2,FALSE) -> 0 | C21: =VLOOKUP($A21,Alimentos!$A:$BA,4,FALSE) -> 0 | E21: =VLOOKUP($A21,Alimentos!$A:$BA,5,FALSE) -> 0 | F21: =VLOOKUP($A21,Alimentos!$A:$BA,6,FALSE) -> 0 | G21: =VLOOKUP($A21,Alimentos!$A:$BA,7,FALSE) -> 0 | H21: =VLOOKUP($A21,Alimentos!$A:$BA,8,FALSE) -> 0 | I21: =VLOOKUP($A21,Alimentos!$A:$BA,9,FALSE) -> 0 | J21: =VLOOKUP($A21,Alimentos!$A:$BA,10,FALSE) -> 0 | K21: =VLOOKUP($A21,Alimentos!$A:$BA,11,FALSE) -> 0 | L21: =VLOOKUP($A21,Alimentos!$A:$BA,12,FALSE) -> 0 | M21: =VLOOKUP($A21,Alimentos!$A:$BA,13,FALSE) -> 0 | N21: =VLOOKUP($A21,Alimentos!$A:$BA,14,FALSE) -> 0 | O21: =VLOOKUP($A21,Alimentos!$A:$BA,15,FALSE) -> 0 | P21: =VLOOKUP($A21,Alimentos!$A:$BA,16,FALSE) -> 0 | Q21: =VLOOKUP($A21,Alimentos!$A:$BA,17,FALSE) -> 0 | R21: =VLOOKUP($A21,Alimentos!$A:$BA,18,FALSE) -> 0 | S21: =VLOOKUP($A21,Alimentos!$A:$BA,19,FALSE) -> 0 | T21: =VLOOKUP($A21,Alimentos!$A:$BA,20,FALSE) -> 0 | U21: =VLOOKUP($A21,Alimentos!$A:$BA,21,FALSE) -> 0 | V21: =VLOOKUP($A21,Alimentos!$A:$BA,22,FALSE) -> 0 | W21: =VLOOKUP($A21,Alimentos!$A:$BA,23,FALSE) -> 0 | X21: =VLOOKUP($A21,Alimentos!$A:$BA,24,FALSE) -> 0 | Y21: =VLOOKUP($A21,Alimentos!$A:$BA,25,FALSE) -> 0 | Z21: =VLOOKUP($A21,Alimentos!$A:$BA,26,FALSE) -> 0 | AA21: =VLOOKUP($A21,Alimentos!$A:$BA,27,FALSE) -> 0 | AB21: =VLOOKUP($A21,Alimentos!$A:$BA,28,FALSE) -> 0 | AC21: =VLOOKUP($A21,Alimentos!$A:$BA,29,FALSE) -> 0 | AD21: =VLOOKUP($A21,Alimentos!$A:$BA,30,FALSE) -> 0 | AE21: =VLOOKUP($A21,Alimentos!$A:$BA,31,FALSE) -> 0 | AF21: =VLOOKUP($A21,Alimentos!$A:$BA,32,FALSE) -> 0 | AG21: =VLOOKUP($A21,Alimentos!$A:$BA,33,FALSE) -> 0 | AH21: =VLOOKUP($A21,Alimentos!$A:$BA,34,FALSE) -> 0 | AI21: =VLOOKUP($A21,Alimentos!$A:$BA,35,FALSE) -> 0 | AJ21: =VLOOKUP($A21,Alimentos!$A:$BA,36,FALSE) -> 0 | AK21: =VLOOKUP($A21,Alimentos!$A:$BA,37,FALSE) -> 0 | AL21: =VLOOKUP($A21,Alimentos!$A:$BA,38,FALSE) -> 0 | AM21: =VLOOKUP($A21,Alimentos!$A:$BA,39,FALSE) -> 0 | AN21: =VLOOKUP($A21,Alimentos!$A:$BA,40,FALSE) -> 0 | AO21: =VLOOKUP($A21,Alimentos!$A:$BA,41,FALSE) -> 0 | AP21: =VLOOKUP($A21,Alimentos!$A:$BA,42,FALSE) -> 0 | AQ21: =VLOOKUP($A21,Alimentos!$A:$BA,43,FALSE) -> 0 | AR21: =VLOOKUP($A21,Alimentos!$A:$BA,44,FALSE) -> 0 | AS21: =VLOOKUP($A21,Alimentos!$A:$BA,45,FALSE) -> 0
A23: Unidades | B23: =B4 -> R$/Kg MN | D23: % MS | E23: kg | F23: kg | G23: kg | H23: kg | I23: kg | J23: kg | K23: kg | L23: kg | M23: kg | N23: kg | O23: Mcal | P23: kg | Q23: kg | R23: kg | S23: kg | T23: kg | U23: kg | V23: kg | W23: kg | X23: kg | Y23: kg | Z23: kg | AA23: kg | AB23: kg | AC23: kg | AD23: kg | AE23: kg | AF23: mg | AG23: mg | AH23: mg | AI23: mg | AJ23: mg | AK23: mg | AL23: mg | AM23: UI | AN23: UI | AO23: UI | AP23: mg | AQ23: mg | AR23: mg | AS23: UFC
A24: Alimento | B24: Custo | D24: MS | E24: MS | F24: PB | G24: PDR | H24: PNDR | I24: FDN | J24: eFDN | K24: FDN>8 | L24: FDN>19 | M24: FDNF | N24: FDA | O24: NEl | P24: NDT | Q24: EE | R24: EE Insat | S24: Cinza | T24: CNF | U24: Amido | V24: Amido DR | W24: Met | X24: Lys | Y24: Ca | Z24: P | AA24: Mg | AB24: K | AC24: S | AD24: Na | AE24: Cl | AF24: Co | AG24: Cu | AH24: Mn | AI24: Zn | AJ24: Se | AK24: I | AL24: Fe | AM24: Vit A | AN24: Vit D3 | AO24: Vit E | AP24: Biotina | AQ24: Monensina | AR24: Cr | AS24: Levedura
A25: =A6 -> x | B25: =C25*B6 -> 0 | D25: =E25/E$43 -> #DIV/0! | E25: =C25*E6 -> 0 | F25: =$E25*F6 -> 0 | G25: =$E25*G6 -> 0 | H25: =$E25*H6 -> 0 | I25: =$E25*I6 -> 0 | J25: =$E25*J6 -> 0 | K25: =IF(AT25="S",((((I6*K6*100)*0.9465)+4.5798)/100)*E25,IF(AT25="F",I6*K6*E25,0)) -> 0 | L25: =IF(AT25="S",((((I6*L6*100)*1.0083)+0.4502)/100)*E25,IF(AT25="F",I6*L6*E25,0)) -> 0 | M25: =$E25*M6 -> 0 | N25: =$E25*N6 -> 0 | O25: =$E25*O6 -> 0 | P25: =$E25*P6 -> 0 | Q25: =$E25*Q6 -> 0 | R25: =$E25*R6 -> 0 | S25: =$E25*S6 -> 0 | T25: =$E25*T6 -> 0 | U25: =$E25*U6 -> 0 | V25: =(V6/(V6+I$56))*U25 -> #DIV/0! | W25: =$E25*W6 -> 0 | X25: =$E25*X6 -> 0 | Y25: =$E25*Y6 -> 0 | Z25: =$E25*Z6 -> 0 | AA25: =$E25*AA6 -> 0 | AB25: =$E25*AB6 -> 0 | AC25: =$E25*AC6 -> 0 | AD25: =$E25*AD6 -> 0 | ... AS25: =$E25*AS6 -> 0 | AT25: =C6 -> 0 | AU25: =($C25/$C$42)*(K6-L6) -> #DIV/0! | AV25: =($C25/$C$42)*L6 -> #DIV/0!
A26: =A7 -> x | B26: =C26*B7 -> 0 | D26: =E26/E$43 -> #DIV/0! | E26: =C26*E7 -> 0 | F26: =$E26*F7 -> 0 | G26: =$E26*G7 -> 0 | H26: =$E26*H7 -> 0 | I26: =$E26*I7 -> 0 | J26: =$E26*J7 -> 0 | K26: =IF(AT26="S",((((I7*K7*100)*0.9465)+4.5798)/100)*E26,IF(AT26="F",I7*K7*E26,0)) -> 0 | L26: =IF(AT26="S",((((I7*L7*100)*1.0083)+0.4502)/100)*E26,IF(AT26="F",I7*L7*E26,0)) -> 0 | M26: =$E26*M7 -> 0 | N26: =$E26*N7 -> 0 | O26: =$E26*O7 -> 0 | P26: =$E26*P7 -> 0 | Q26: =$E26*Q7 -> 0 | R26: =$E26*R7 -> 0 | S26: =$E26*S7 -> 0 | T26: =$E26*T7 -> 0 | U26: =$E26*U7 -> 0 | V26: =(V7/(V7+I$56))*U26 -> #DIV/0! | W26: =$E26*W7 -> 0 | X26: =$E26*X7 -> 0 | Y26: =$E26*Y7 -> 0 | Z26: =$E26*Z7 -> 0 | AA26: =$E26*AA7 -> 0 | AB26: =$E26*AB7 -> 0 | AC26: =$E26*AC7 -> 0 | AD26: =$E26*AD7 -> 0 | ... AS26: =$E26*AS7 -> 0 | AT26: =C7 -> 0 | AU26: =($C26/$C$42)*(K7-L7) -> #DIV/0! | AV26: =($C26/$C$42)*L7 -> #DIV/0!
A27: =A8 -> x | B27: =C27*B8 -> 0 | D27: =E27/E$43 -> #DIV/0! | E27: =C27*E8 -> 0 | F27: =$E27*F8 -> 0 | G27: =$E27*G8 -> 0 | H27: =$E27*H8 -> 0 | I27: =$E27*I8 -> 0 | J27: =$E27*J8 -> 0 | K27: =IF(AT27="S",((((I8*K8*100)*0.9465)+4.5798)/100)*E27,IF(AT27="F",I8*K8*E27,0)) -> 0 | L27: =IF(AT27="S",((((I8*L8*100)*1.0083)+0.4502)/100)*E27,IF(AT27="F",I8*L8*E27,0)) -> 0 | M27: =$E27*M8 -> 0 | N27: =$E27*N8 -> 0 | O27: =$E27*O8 -> 0 | P27: =$E27*P8 -> 0 | Q27: =$E27*Q8 -> 0 | R27: =$E27*R8 -> 0 | S27: =$E27*S8 -> 0 | T27: =$E27*T8 -> 0 | U27: =$E27*U8 -> 0 | V27: =(V8/(V8+I$56))*U27 -> #DIV/0! | W27: =$E27*W8 -> 0 | X27: =$E27*X8 -> 0 | Y27: =$E27*Y8 -> 0 | Z27: =$E27*Z8 -> 0 | AA27: =$E27*AA8 -> 0 | AB27: =$E27*AB8 -> 0 | AC27: =$E27*AC8 -> 0 | AD27: =$E27*AD8 -> 0 | ... AS27: =$E27*AS8 -> 0 | AT27: =C8 -> 0 | AU27: =($C27/$C$42)*(K8-L8) -> #DIV/0! | AV27: =($C27/$C$42)*L8 -> #DIV/0!
A28: =A9 -> x | B28: =C28*B9 -> 0 | D28: =E28/E$43 -> #DIV/0! | E28: =C28*E9 -> 0 | F28: =$E28*F9 -> 0 | G28: =$E28*G9 -> 0 | H28: =$E28*H9 -> 0 | I28: =$E28*I9 -> 0 | J28: =$E28*J9 -> 0 | K28: =IF(AT28="S",((((I9*K9*100)*0.9465)+4.5798)/100)*E28,IF(AT28="F",I9*K9*E28,0)) -> 0 | L28: =IF(AT28="S",((((I9*L9*100)*1.0083)+0.4502)/100)*E28,IF(AT28="F",I9*L9*E28,0)) -> 0 | M28: =$E28*M9 -> 0 | N28: =$E28*N9 -> 0 | O28: =$E28*O9 -> 0 | P28: =$E28*P9 -> 0 | Q28: =$E28*Q9 -> 0 | R28: =$E28*R9 -> 0 | S28: =$E28*S9 -> 0 | T28: =$E28*T9 -> 0 | U28: =$E28*U9 -> 0 | V28: =(V9/(V9+I$56))*U28 -> #DIV/0! | W28: =$E28*W9 -> 0 | X28: =$E28*X9 -> 0 | Y28: =$E28*Y9 -> 0 | Z28: =$E28*Z9 -> 0 | AA28: =$E28*AA9 -> 0 | AB28: =$E28*AB9 -> 0 | AC28: =$E28*AC9 -> 0 | AD28: =$E28*AD9 -> 0 | ... AS28: =$E28*AS9 -> 0 | AT28: =C9 -> 0 | AU28: =($C28/$C$42)*(K9-L9) -> #DIV/0! | AV28: =($C28/$C$42)*L9 -> #DIV/0!
A29: =A10 -> x | B29: =C29*B10 -> 0 | D29: =E29/E$43 -> #DIV/0! | E29: =C29*E10 -> 0 | F29: =$E29*F10 -> 0 | G29: =$E29*G10 -> 0 | H29: =$E29*H10 -> 0 | I29: =$E29*I10 -> 0 | J29: =$E29*J10 -> 0 | K29: =IF(AT29="S",((((I10*K10*100)*0.9465)+4.5798)/100)*E29,IF(AT29="F",I10*K10*E29,0)) -> 0 | L29: =IF(AT29="S",((((I10*L10*100)*1.0083)+0.4502)/100)*E29,IF(AT29="F",I10*L10*E29,0)) -> 0 | M29: =$E29*M10 -> 0 | N29: =$E29*N10 -> 0 | O29: =$E29*O10 -> 0 | P29: =$E29*P10 -> 0 | Q29: =$E29*Q10 -> 0 | R29: =$E29*R10 -> 0 | S29: =$E29*S10 -> 0 | T29: =$E29*T10 -> 0 | U29: =$E29*U10 -> 0 | V29: =(V10/(V10+I$56))*U29 -> #DIV/0! | W29: =$E29*W10 -> 0 | X29: =$E29*X10 -> 0 | Y29: =$E29*Y10 -> 0 | Z29: =$E29*Z10 -> 0 | AA29: =$E29*AA10 -> 0 | AB29: =$E29*AB10 -> 0 | AC29: =$E29*AC10 -> 0 | AD29: =$E29*AD10 -> 0 | ... AS29: =$E29*AS10 -> 0 | AT29: =C10 -> 0 | AU29: =($C29/$C$42)*(K10-L10) -> #DIV/0! | AV29: =($C29/$C$42)*L10 -> #DIV/0!
A30: =A11 -> x | B30: =C30*B11 -> 0 | D30: =E30/E$43 -> #DIV/0! | E30: =C30*E11 -> 0 | F30: =$E30*F11 -> 0 | G30: =$E30*G11 -> 0 | H30: =$E30*H11 -> 0 | I30: =$E30*I11 -> 0 | J30: =$E30*J11 -> 0 | K30: =IF(AT30="S",((((I11*K11*100)*0.9465)+4.5798)/100)*E30,IF(AT30="F",I11*K11*E30,0)) -> 0 | L30: =IF(AT30="S",((((I11*L11*100)*1.0083)+0.4502)/100)*E30,IF(AT30="F",I11*L11*E30,0)) -> 0 | M30: =$E30*M11 -> 0 | N30: =$E30*N11 -> 0 | O30: =$E30*O11 -> 0 | P30: =$E30*P11 -> 0 | Q30: =$E30*Q11 -> 0 | R30: =$E30*R11 -> 0 | S30: =$E30*S11 -> 0 | T30: =$E30*T11 -> 0 | U30: =$E30*U11 -> 0 | V30: =(V11/(V11+I$56))*U30 -> #DIV/0! | W30: =$E30*W11 -> 0 | X30: =$E30*X11 -> 0 | Y30: =$E30*Y11 -> 0 | Z30: =$E30*Z11 -> 0 | AA30: =$E30*AA11 -> 0 | AB30: =$E30*AB11 -> 0 | AC30: =$E30*AC11 -> 0 | AD30: =$E30*AD11 -> 0 | ... AS30: =$E30*AS11 -> 0 | AT30: =C11 -> 0 | AU30: =($C30/$C$42)*(K11-L11) -> #DIV/0! | AV30: =($C30/$C$42)*L11 -> #DIV/0!
A31: =A12 -> x | B31: =C31*B12 -> 0 | D31: =E31/E$43 -> #DIV/0! | E31: =C31*E12 -> 0 | F31: =$E31*F12 -> 0 | G31: =$E31*G12 -> 0 | H31: =$E31*H12 -> 0 | I31: =$E31*I12 -> 0 | J31: =$E31*J12 -> 0 | K31: =IF(AT31="S",((((I12*K12*100)*0.9465)+4.5798)/100)*E31,IF(AT31="F",I12*K12*E31,0)) -> 0 | L31: =IF(AT31="S",((((I12*L12*100)*1.0083)+0.4502)/100)*E31,IF(AT31="F",I12*L12*E31,0)) -> 0 | M31: =$E31*M12 -> 0 | N31: =$E31*N12 -> 0 | O31: =$E31*O12 -> 0 | P31: =$E31*P12 -> 0 | Q31: =$E31*Q12 -> 0 | R31: =$E31*R12 -> 0 | S31: =$E31*S12 -> 0 | T31: =$E31*T12 -> 0 | U31: =$E31*U12 -> 0 | V31: =(V12/(V12+I$56))*U31 -> #DIV/0! | W31: =$E31*W12 -> 0 | X31: =$E31*X12 -> 0 | Y31: =$E31*Y12 -> 0 | Z31: =$E31*Z12 -> 0 | AA31: =$E31*AA12 -> 0 | AB31: =$E31*AB12 -> 0 | AC31: =$E31*AC12 -> 0 | AD31: =$E31*AD12 -> 0 | ... AS31: =$E31*AS12 -> 0 | AT31: =C12 -> 0 | AU31: =($C31/$C$42)*(K12-L12) -> #DIV/0! | AV31: =($C31/$C$42)*L12 -> #DIV/0!
A32: =A13 -> x | B32: =C32*B13 -> 0 | D32: =E32/E$43 -> #DIV/0! | E32: =C32*E13 -> 0 | F32: =$E32*F13 -> 0 | G32: =$E32*G13 -> 0 | H32: =$E32*H13 -> 0 | I32: =$E32*I13 -> 0 | J32: =$E32*J13 -> 0 | K32: =IF(AT32="S",((((I13*K13*100)*0.9465)+4.5798)/100)*E32,IF(AT32="F",I13*K13*E32,0)) -> 0 | L32: =IF(AT32="S",((((I13*L13*100)*1.0083)+0.4502)/100)*E32,IF(AT32="F",I13*L13*E32,0)) -> 0 | M32: =$E32*M13 -> 0 | N32: =$E32*N13 -> 0 | O32: =$E32*O13 -> 0 | P32: =$E32*P13 -> 0 | Q32: =$E32*Q13 -> 0 | R32: =$E32*R13 -> 0 | S32: =$E32*S13 -> 0 | T32: =$E32*T13 -> 0 | U32: =$E32*U13 -> 0 | V32: =(V13/(V13+I$56))*U32 -> #DIV/0! | W32: =$E32*W13 -> 0 | X32: =$E32*X13 -> 0 | Y32: =$E32*Y13 -> 0 | Z32: =$E32*Z13 -> 0 | AA32: =$E32*AA13 -> 0 | AB32: =$E32*AB13 -> 0 | AC32: =$E32*AC13 -> 0 | AD32: =$E32*AD13 -> 0 | ... AS32: =$E32*AS13 -> 0 | AT32: =C13 -> 0 | AU32: =($C32/$C$42)*(K13-L13) -> #DIV/0! | AV32: =($C32/$C$42)*L13 -> #DIV/0!
A33: =A14 -> x | B33: =C33*B14 -> 0 | D33: =E33/E$43 -> #DIV/0! | E33: =C33*E14 -> 0 | F33: =$E33*F14 -> 0 | G33: =$E33*G14 -> 0 | H33: =$E33*H14 -> 0 | I33: =$E33*I14 -> 0 | J33: =$E33*J14 -> 0 | K33: =IF(AT33="S",((((I14*K14*100)*0.9465)+4.5798)/100)*E33,IF(AT33="F",I14*K14*E33,0)) -> 0 | L33: =IF(AT33="S",((((I14*L14*100)*1.0083)+0.4502)/100)*E33,IF(AT33="F",I14*L14*E33,0)) -> 0 | M33: =$E33*M14 -> 0 | N33: =$E33*N14 -> 0 | O33: =$E33*O14 -> 0 | P33: =$E33*P14 -> 0 | Q33: =$E33*Q14 -> 0 | R33: =$E33*R14 -> 0 | S33: =$E33*S14 -> 0 | T33: =$E33*T14 -> 0 | U33: =$E33*U14 -> 0 | V33: =(V14/(V14+I$56))*U33 -> #DIV/0! | W33: =$E33*W14 -> 0 | X33: =$E33*X14 -> 0 | Y33: =$E33*Y14 -> 0 | Z33: =$E33*Z14 -> 0 | AA33: =$E33*AA14 -> 0 | AB33: =$E33*AB14 -> 0 | AC33: =$E33*AC14 -> 0 | AD33: =$E33*AD14 -> 0 | ... AS33: =$E33*AS14 -> 0 | AT33: =C14 -> 0 | AU33: =($C33/$C$42)*(K14-L14) -> #DIV/0! | AV33: =($C33/$C$42)*L14 -> #DIV/0!
A34: =A15 -> x | B34: =C34*B15 -> 0 | D34: =E34/E$43 -> #DIV/0! | E34: =C34*E15 -> 0 | F34: =$E34*F15 -> 0 | G34: =$E34*G15 -> 0 | H34: =$E34*H15 -> 0 | I34: =$E34*I15 -> 0 | J34: =$E34*J15 -> 0 | K34: =IF(AT34="S",((((I15*K15*100)*0.9465)+4.5798)/100)*E34,IF(AT34="F",I15*K15*E34,0)) -> 0 | L34: =IF(AT34="S",((((I15*L15*100)*1.0083)+0.4502)/100)*E34,IF(AT34="F",I15*L15*E34,0)) -> 0 | M34: =$E34*M15 -> 0 | N34: =$E34*N15 -> 0 | O34: =$E34*O15 -> 0 | P34: =$E34*P15 -> 0 | Q34: =$E34*Q15 -> 0 | R34: =$E34*R15 -> 0 | S34: =$E34*S15 -> 0 | T34: =$E34*T15 -> 0 | U34: =$E34*U15 -> 0 | V34: =(V15/(V15+I$56))*U34 -> #DIV/0! | W34: =$E34*W15 -> 0 | X34: =$E34*X15 -> 0 | Y34: =$E34*Y15 -> 0 | Z34: =$E34*Z15 -> 0 | AA34: =$E34*AA15 -> 0 | AB34: =$E34*AB15 -> 0 | AC34: =$E34*AC15 -> 0 | AD34: =$E34*AD15 -> 0 | ... AS34: =$E34*AS15 -> 0 | AT34: =C15 -> 0 | AU34: =($C34/$C$42)*(K15-L15) -> #DIV/0! | AV34: =($C34/$C$42)*L15 -> #DIV/0!
A35: =A16 -> x | B35: =C35*B16 -> 0 | D35: =E35/E$43 -> #DIV/0! | E35: =C35*E16 -> 0 | F35: =$E35*F16 -> 0 | G35: =$E35*G16 -> 0 | H35: =$E35*H16 -> 0 | I35: =$E35*I16 -> 0 | J35: =$E35*J16 -> 0 | K35: =IF(AT35="S",((((I16*K16*100)*0.9465)+4.5798)/100)*E35,IF(AT35="F",I16*K16*E35,0)) -> 0 | L35: =IF(AT35="S",((((I16*L16*100)*1.0083)+0.4502)/100)*E35,IF(AT35="F",I16*L16*E35,0)) -> 0 | M35: =$E35*M16 -> 0 | N35: =$E35*N16 -> 0 | O35: =$E35*O16 -> 0 | P35: =$E35*P16 -> 0 | Q35: =$E35*Q16 -> 0 | R35: =$E35*R16 -> 0 | S35: =$E35*S16 -> 0 | T35: =$E35*T16 -> 0 | U35: =$E35*U16 -> 0 | V35: =(V16/(V16+I$56))*U35 -> #DIV/0! | W35: =$E35*W16 -> 0 | X35: =$E35*X16 -> 0 | Y35: =$E35*Y16 -> 0 | Z35: =$E35*Z16 -> 0 | AA35: =$E35*AA16 -> 0 | AB35: =$E35*AB16 -> 0 | AC35: =$E35*AC16 -> 0 | AD35: =$E35*AD16 -> 0 | ... AS35: =$E35*AS16 -> 0 | AT35: =C16 -> 0 | AU35: =($C35/$C$42)*(K16-L16) -> #DIV/0! | AV35: =($C35/$C$42)*L16 -> #DIV/0!
A36: =A17 -> x | B36: =C36*B17 -> 0 | D36: =E36/E$43 -> #DIV/0! | E36: =C36*E17 -> 0 | F36: =$E36*F17 -> 0 | G36: =$E36*G17 -> 0 | H36: =$E36*H17 -> 0 | I36: =$E36*I17 -> 0 | J36: =$E36*J17 -> 0 | K36: =IF(AT36="S",((((I17*K17*100)*0.9465)+4.5798)/100)*E36,IF(AT36="F",I17*K17*E36,0)) -> 0 | L36: =IF(AT36="S",((((I17*L17*100)*1.0083)+0.4502)/100)*E36,IF(AT36="F",I17*L17*E36,0)) -> 0 | M36: =$E36*M17 -> 0 | N36: =$E36*N17 -> 0 | O36: =$E36*O17 -> 0 | P36: =$E36*P17 -> 0 | Q36: =$E36*Q17 -> 0 | R36: =$E36*R17 -> 0 | S36: =$E36*S17 -> 0 | T36: =$E36*T17 -> 0 | U36: =$E36*U17 -> 0 | V36: =(V17/(V17+I$56))*U36 -> #DIV/0! | W36: =$E36*W17 -> 0 | X36: =$E36*X17 -> 0 | Y36: =$E36*Y17 -> 0 | Z36: =$E36*Z17 -> 0 | AA36: =$E36*AA17 -> 0 | AB36: =$E36*AB17 -> 0 | AC36: =$E36*AC17 -> 0 | AD36: =$E36*AD17 -> 0 | ... AS36: =$E36*AS17 -> 0 | AT36: =C17 -> 0 | AU36: =($C36/$C$42)*(K17-L17) -> #DIV/0! | AV36: =($C36/$C$42)*L17 -> #DIV/0!
... A40: =A21 -> x | B40: =C40*B21 -> 0 | D40: =E40/E$43 -> #DIV/0! | E40: =C40*E21 -> 0 | F40: =$E40*F21 -> 0 | G40: =$E40*G21 -> 0 | H40: =$E40*H21 -> 0 | I40: =$E40*I21 -> 0 | J40: =$E40*J21 -> 0 | K40: =IF(AT40="S",((((I21*K21*100)*0.9465)+4.5798)/100)*E40,IF(AT40="F",I21*K21*E40,0)) -> 0 | L40: =IF(AT40="S",((((I21*L21*100)*1.0083)+0.4502)/100)*E40,IF(AT40="F",I21*L21*E40,0)) -> 0 | M40: =$E40*M21 -> 0 | N40: =$E40*N21 -> 0 | O40: =$E40*O21 -> 0 | P40: =$E40*P21 -> 0 | Q40: =$E40*Q21 -> 0 | R40: =$E40*R21 -> 0 | S40: =$E40*S21 -> 0 | T40: =$E40*T21 -> 0 | U40: =$E40*U21 -> 0 | V40: =(V21/(V21+I$56))*U40 -> #DIV/0! | W40: =$E40*W21 -> 0 | X40: =$E40*X21 -> 0 | Y40: =$E40*Y21 -> 0 | Z40: =$E40*Z21 -> 0 | AA40: =$E40*AA21 -> 0 | AB40: =$E40*AB21 -> 0 | AC40: =$E40*AC21 -> 0 | AD40: =$E40*AD21 -> 0 | ... AS40: =$E40*AS21 -> 0 | AT40: =C21 -> 0 | AU40: =($C40/$C$42)*(K21-L21) -> #DIV/0! | AV40: =($C40/$C$42)*L21 -> #DIV/0!
A42: Total | C42: =SUM(C25:C40) -> 0 | D42: =SUM(D25:D40) -> #DIV/0! | E42: =E43/C42 -> #DIV/0! | F42: =SUM(F25:F40) -> 0 | G42: =SUM(G25:G40) -> 0 | H42: =SUM(H25:H40) -> 0 | I42: =SUM(I25:I40) -> 0 | J42: =SUM(J25:J40) -> 0 | K42: =SUM(K25:K40) -> 0 | L42: =SUM(L25:L40) -> 0 | M42: =SUM(M25:M40) -> 0 | ... AS42: =SUM(AS25:AS40) -> 0
A43: Matéria Seca Dieta | E43: =SUM(E25:E40) -> 0 | F43: =F42/$E43 -> #DIV/0! | G43: =G42/$E43 -> #DIV/0! | H43: =H42/$E43 -> #DIV/0! | I43: =I42/$E43 -> #DIV/0! | J43: =J42/$E43 -> #DIV/0! | K43: =K42/$E43 -> #DIV/0! | L43: =L42/$E43 -> #DIV/0! | M43: =M42/$E43 -> #DIV/0! | ... AO43: =AO42/$E43 -> #DIV/0! | AP43: =AP42 -> 0 | AQ43: =AQ42 -> 0 | AR43: =AR42 -> 0 | AS43: =AS42 -> 0
A45: Exigência Nutricional (Referência) | E45: =(3.7+(C2*5.7)+(0.305*((0.0929*G2)+(0.0547*H2)+(0.0395*I2))*F2)+0.022*D2+(-0.689-1.87*C2)*B2)*(1-(0.212+C2*0.136)*EXP(-0.053*E2)) -> 2.9156 | F45: 14-17% | G45: 10-11% | H45: 4 - 7% | J45: >= 18% | K45: 15-18% | M45: >= 19% | Q45: <= 5% | R45: <= 3% | T45: 20-45% | U45: 20 a 30% | V45: 15 a 20% | Y45: 0,6 - 0,8% | Z45: 0,35 - 0,40% | AA45: 0,25-0,35% | AB45: 0,90 - 1,0% | AC45: 0,20 - 0,25% | AD45: 0.0022 | AE45: 0,25 - 0,30% | AF45: 0.2 | AG45: 10 - 15 | AH45: 30 - 40 | AI45: 50 - 60 | AJ45: 0.3 - 0,6 | AK45: 0.5 | AL45: 15 | AM45: 3000-4000 | AN45: 1500-2000 | AO45: 25-30 | AP45: 20-25 | AQ45: 300-350 | AR45: 5 | AS45: 1 a 2 x 10^10
A47: Leite R$ | J47: Referência
A48: Custo Alimentar R$/d: | B48: =SUM(B25:B40) -> 0 | H48: FDNF/kg PV | I48: =M42/D2 -> #DIV/0! | J48: < 1%
A49: Custo Alimentar/Litro: | B49: =B48/F2 -> #DIV/0! | H49: % Forragem na MS da dieta | I49: =(SUMIF(AT$25:AT$40,"F",E$25:E$40)+SUMIF(AT$25:AT$40,"S",E$25:E$40))/E$43 -> #DIV/0! | J49: 40-60%
A50: Custo Alimentar R$/kg MS: | B50: =B48/E43 -> #DIV/0! | H50: FDN>8/Amido Deg | I50: =K43/V43 -> #DIV/0! | J50: >= 1
A51: Lucro/Custo Alimentar | B51: =(F2*B47)-B48 -> 0 | H51: Partículas acima de 8 mm, % MN | I51: =SUM(G72:G73) -> 0 | J51: <= 50%
H52: Lis/Met | I52: =X42/W42 -> #DIV/0! | J52: 3
H53: Ca / P | I53: =Y42/Z42 -> #DIV/0! | J53: 2:1 a 6:1
H54: DCAD mEq/kg DM | I54: =(((AD43/23)+(AB43/39))-((AE43/35)+(AC43/32*2)))*1000000 -> #DIV/0! | J54: >150
H55: Taxa passagem forragem (kP F) | I55: =(2.365+(0.214*((SUMIF(AT25:AT40,"F",E25:E40)+SUMIF(AT25:AT40,"S",E25:E40))/D2*100))+(0.734*(SUMIF(AT25:AT40,"C",E25:E40)/D2*100)+(0.069*(SUMIF(AT25:AT40,"S",E25:E40)+SUMIF(AT25:AT40,"F",E25:E40)))))/100 -> #DIV/0!
H56: Taxa passagem de concentrado (kP C) | I56: =(1.169+(1.375*(SUMIF(AT25:AT40,"F",E25:E40)+SUMIF(AT25:AT40,"S",E25:E40))/D2*100)+(1.721*SUMIF(AT25:AT40,"C",E25:E40)/D2*100))/100 -> #DIV/0!
H57: Taxa de passagem de líquido (kP L) | I57: =(4.524+(0.223*(SUMIF(AT25:AT40,"F",E25:E40)+SUMIF(AT25:AT40,"S",E25:E40))/D2*100)+(2.046*SUMIF(AT25:AT40,"C",E25:E40)/D2*100)+(0.344*(SUMIF(AT25:AT40,"F",E25:E40)+SUMIF(AT25:AT40,"S",E25:E40))))/100 -> #DIV/0!
C60: 1 | D60: 2 | E60: 3 | F60: 4 | G60: 5 | H60: 6
C61: kg | D61: kg | E61: kg | F61: kg | G61: kg | H61: kg
B62: >19
B63: >8-19
B64: <8
C65: % | D65: % | H65: % | I65: CV | J65: Meta
B66: >19 | C66: =C62/SUM(C$62:C$64) -> #DIV/0! | D66: =D62/SUM(D$62:D$64) -> #DIV/0! | E66: =E62/SUM(E$62:E$64) -> #DIV/0! | F66: =F62/SUM(F$62:F$64) -> #DIV/0! | G66: =G62/SUM(G$62:G$64) -> #DIV/0! | H66: =H62/SUM(H$62:H$64) -> #DIV/0! | I66: =STDEV(C66:H66)/AVERAGE(C66:H66) -> #DIV/0! | J66: <15%
B67: >8-19 | C67: =C63/SUM(C$62:C$64) -> #DIV/0! | D67: =D63/SUM(D$62:D$64) -> #DIV/0! | E67: =E63/SUM(E$62:E$64) -> #DIV/0! | F67: =F63/SUM(F$62:F$64) -> #DIV/0! | G67: =G63/SUM(G$62:G$64) -> #DIV/0! | H67: =H63/SUM(H$62:H$64) -> #DIV/0! | I67: =STDEV(C67:H67)/AVERAGE(C67:H67) -> #DIV/0! | J67: <5%
B68: <8 | C68: =C64/SUM(C$62:C$64) -> #DIV/0! | D68: =D64/SUM(D$62:D$64) -> #DIV/0! | E68: =E64/SUM(E$62:E$64) -> #DIV/0! | F68: =F64/SUM(F$62:F$64) -> #DIV/0! | G68: =G64/SUM(G$62:G$64) -> #DIV/0! | H68: =H64/SUM(H$62:H$64) -> #DIV/0! | I68: =STDEV(C68:H68)/AVERAGE(C68:H68) -> #DIV/0! | J68: <5%
E71: Partículas, % MN | F71: Real | G71: Predito
E72: >19 | F72: =IFERROR(AVERAGE(C66:H66),"") | G72: =SUMIF(AT$25:AT$40,"F",AV$25:AV$40)+SUMIF(AT$25:AT$40,"S",AV$25:AV$40) -> 0
E73: >8-19 | F73: =IFERROR(AVERAGE(C67:H67),"") | G73: =SUMIF(AT$25:AT$40,"F",AU$25:AU$40)+SUMIF(AT$25:AT$40,"S",AU$25:AU$40) -> 0
E74: <8 | F74: =IFERROR(AVERAGE(C68:H68),"") | G74: =1-G72-G73 -> 1

Sheet Pos parto
A1: LACTAÇÃO | B1: ECC ( 1 a 5) | C1: Paridade (0 ou 1) | D1: Peso médio, kg | E1: DEL médio, d | F1: Leite médio, kg/d | G1: Gordura, % | H1: Proteína, % | I1: Lactose, %
A4: Unidades | B4: R$/Kg MN | E4: % CO | F4: % MS | G4: % MS | H4: % MS | I4: % MS | J4: % MS | K4: % MN | L4: % MN | M4: % MS | N4: % MS | O4: Mcal/kg | P4: % MS | Q4: % MS | R4: % MS | S4: % MS | T4: % MS | U4: % MS | V4: %/h | W4: % MS | X4: % MS | Y4: % MS | Z4: % MS | AA4: % MS | AB4: % MS | AC4: % MS | AD4: % MS | AE4: % MS | AF4: mg/kg | AG4: mg/kg | AH4: mg/kg | AI4: mg/kg | AJ4: mg/kg | AK4: mg/kg | AL4: mg/kg | AM4: UI/kg | AN4: UI/kg | AO4: UI/kg | AP4: mg/kg | AQ4: mg/kg | AR4: mg/kg | AS4: UFC/kg
A5: Alimento | B5: Custo | E5: MS | F5: PB | G5: PDR | H5: PNDR | I5: FDN | J5: eFDN | K5: MN>8 | L5: MN>19 | M5: FDNF | N5: FDA | O5: NEl | P5: NDT | Q5: Oleo | R5: EE Insat | S5: Cinza | T5: CNF | U5: Amido | V5: kd Amido | W5: Met | X5: Lys | Y5: Ca | Z5: P | AA5: Mg | AB5: K | AC5: S | AD5: Na | AE5: Cl | AF5: Co | AG5: Cu | AH5: Mn | AI5: Zn | AJ5: Se | AK5: I | AL5: Fe | AM5: Vit A | AN5: Vit D3 | AO5: Vit E | AP5: Biotina | AQ5: Monensina | AR5: Cr | AS5: Levedura
A6: x | B6: =VLOOKUP($A6,Alimentos!$A:$BA,2,FALSE) -> 0 | C6: =VLOOKUP($A6,Alimentos!$A:$BA,4,FALSE) -> 0 | E6: =VLOOKUP($A6,Alimentos!$A:$BA,5,FALSE) -> 0 | F6: =VLOOKUP($A6,Alimentos!$A:$BA,6,FALSE) -> 0 | G6: =VLOOKUP($A6,Alimentos!$A:$BA,7,FALSE) -> 0 | H6: =VLOOKUP($A6,Alimentos!$A:$BA,8,FALSE) -> 0 | I6: =VLOOKUP($A6,Alimentos!$A:$BA,9,FALSE) -> 0 | J6: =VLOOKUP($A6,Alimentos!$A:$BA,10,FALSE) -> 0 | K6: =VLOOKUP($A6,Alimentos!$A:$BA,11,FALSE) -> 0 | L6: =VLOOKUP($A6,Alimentos!$A:$BA,12,FALSE) -> 0 | M6: =VLOOKUP($A6,Alimentos!$A:$BA,13,FALSE) -> 0 | N6: =VLOOKUP($A6,Alimentos!$A:$BA,14,FALSE) -> 0 | O6: =VLOOKUP($A6,Alimentos!$A:$BA,15,FALSE) -> 0 | P6: =VLOOKUP($A6,Alimentos!$A:$BA,16,FALSE) -> 0 | Q6: =VLOOKUP($A6,Alimentos!$A:$BA,17,FALSE) -> 0 | R6: =VLOOKUP($A6,Alimentos!$A:$BA,18,FALSE) -> 0 | S6: =VLOOKUP($A6,Alimentos!$A:$BA,19,FALSE) -> 0 | T6: =VLOOKUP($A6,Alimentos!$A:$BA,20,FALSE) -> 0 | U6: =VLOOKUP($A6,Alimentos!$A:$BA,21,FALSE) -> 0 | V6: =VLOOKUP($A6,Alimentos!$A:$BA,22,FALSE) -> 0 | W6: =VLOOKUP($A6,Alimentos!$A:$BA,23,FALSE) -> 0 | X6: =VLOOKUP($A6,Alimentos!$A:$BA,24,FALSE) -> 0 | Y6: =VLOOKUP($A6,Alimentos!$A:$BA,25,FALSE) -> 0 | Z6: =VLOOKUP($A6,Alimentos!$A:$BA,26,FALSE) -> 0 | AA6: =VLOOKUP($A6,Alimentos!$A:$BA,27,FALSE) -> 0 | AB6: =VLOOKUP($A6,Alimentos!$A:$BA,28,FALSE) -> 0 | AC6: =VLOOKUP($A6,Alimentos!$A:$BA,29,FALSE) -> 0 | AD6: =VLOOKUP($A6,Alimentos!$A:$BA,30,FALSE) -> 0 | AE6: =VLOOKUP($A6,Alimentos!$A:$BA,31,FALSE) -> 0 | AF6: =VLOOKUP($A6,Alimentos!$A:$BA,32,FALSE) -> 0 | AG6: =VLOOKUP($A6,Alimentos!$A:$BA,33,FALSE) -> 0 | AH6: =VLOOKUP($A6,Alimentos!$A:$BA,34,FALSE) -> 0 | AI6: =VLOOKUP($A6,Alimentos!$A:$BA,35,FALSE) -> 0 | AJ6: =VLOOKUP($A6,Alimentos!$A:$BA,36,FALSE) -> 0 | AK6: =VLOOKUP($A6,Alimentos!$A:$BA,37,FALSE) -> 0 | AL6: =VLOOKUP($A6,Alimentos!$A:$BA,38,FALSE) -> 0 | AM6: =VLOOKUP($A6,Alimentos!$A:$BA,39,FALSE) -> 0 | AN6: =VLOOKUP($A6,Alimentos!$A:$BA,40,FALSE) -> 0 | AO6: =VLOOKUP($A6,Alimentos!$A:$BA,41,FALSE) -> 0 | AP6: =VLOOKUP($A6,Alimentos!$A:$BA,42,FALSE) -> 0 | AQ6: =VLOOKUP($A6,Alimentos!$A:$BA,43,FALSE) -> 0 | AR6: =VLOOKUP($A6,Alimentos!$A:$BA,44,FALSE) -> 0 | AS6: =VLOOKUP($A6,Alimentos!$A:$BA,45,FALSE) -> 0
A7: x | B7: =VLOOKUP($A7,Alimentos!$A:$BA,2,FALSE) -> 0 | C7: =VLOOKUP($A7,Alimentos!$A:$BA,4,FALSE) -> 0 | E7: =VLOOKUP($A7,Alimentos!$A:$BA,5,FALSE) -> 0 | F7: =VLOOKUP($A7,Alimentos!$A:$BA,6,FALSE) -> 0 | G7: =VLOOKUP($A7,Alimentos!$A:$BA,7,FALSE) -> 0 | H7: =VLOOKUP($A7,Alimentos!$A:$BA,8,FALSE) -> 0 | I7: =VLOOKUP($A7,Alimentos!$A:$BA,9,FALSE) -> 0 | J7: =VLOOKUP($A7,Alimentos!$A:$BA,10,FALSE) -> 0 | K7: =VLOOKUP($A7,Alimentos!$A:$BA,11,FALSE) -> 0 | L7: =VLOOKUP($A7,Alimentos!$A:$BA,12,FALSE) -> 0 | M7: =VLOOKUP($A7,Alimentos!$A:$BA,13,FALSE) -> 0 | N7: =VLOOKUP($A7,Alimentos!$A:$BA,14,FALSE) -> 0 | O7: =VLOOKUP($A7,Alimentos!$A:$BA,15,FALSE) -> 0 | P7: =VLOOKUP($A7,Alimentos!$A:$BA,16,FALSE) -> 0 | Q7: =VLOOKUP($A7,Alimentos!$A:$BA,17,FALSE) -> 0 | R7: =VLOOKUP($A7,Alimentos!$A:$BA,18,FALSE) -> 0 | S7: =VLOOKUP($A7,Alimentos!$A:$BA,19,FALSE) -> 0 | T7: =VLOOKUP($A7,Alimentos!$A:$BA,20,FALSE) -> 0 | U7: =VLOOKUP($A7,Alimentos!$A:$BA,21,FALSE) -> 0 | V7: =VLOOKUP($A7,Alimentos!$A:$BA,22,FALSE) -> 0 | W7: =VLOOKUP($A7,Alimentos!$A:$BA,23,FALSE) -> 0 | X7: =VLOOKUP($A7,Alimentos!$A:$BA,24,FALSE) -> 0 | Y7: =VLOOKUP($A7,Alimentos!$A:$BA,25,FALSE) -> 0 | Z7: =VLOOKUP($A7,Alimentos!$A:$BA,26,FALSE) -> 0 | AA7: =VLOOKUP($A7,Alimentos!$A:$BA,27,FALSE) -> 0 | AB7: =VLOOKUP($A7,Alimentos!$A:$BA,28,FALSE) -> 0 | AC7: =VLOOKUP($A7,Alimentos!$A:$BA,29,FALSE) -> 0 | AD7: =VLOOKUP($A7,Alimentos!$A:$BA,30,FALSE) -> 0 | AE7: =VLOOKUP($A7,Alimentos!$A:$BA,31,FALSE) -> 0 | AF7: =VLOOKUP($A7,Alimentos!$A:$BA,32,FALSE) -> 0 | AG7: =VLOOKUP($A7,Alimentos!$A:$BA,33,FALSE) -> 0 | AH7: =VLOOKUP($A7,Alimentos!$A:$BA,34,FALSE) -> 0 | AI7: =VLOOKUP($A7,Alimentos!$A:$BA,35,FALSE) -> 0 | AJ7: =VLOOKUP($A7,Alimentos!$A:$BA,36,FALSE) -> 0 | AK7: =VLOOKUP($A7,Alimentos!$A:$BA,37,FALSE) -> 0 | AL7: =VLOOKUP($A7,Alimentos!$A:$BA,38,FALSE) -> 0 | AM7: =VLOOKUP($A7,Alimentos!$A:$BA,39,FALSE) -> 0 | AN7: =VLOOKUP($A7,Alimentos!$A:$BA,40,FALSE) -> 0 | AO7: =VLOOKUP($A7,Alimentos!$A:$BA,41,FALSE) -> 0 | AP7: =VLOOKUP($A7,Alimentos!$A:$BA,42,FALSE) -> 0 | AQ7: =VLOOKUP($A7,Alimentos!$A:$BA,43,FALSE) -> 0 | AR7: =VLOOKUP($A7,Alimentos!$A:$BA,44,FALSE) -> 0 | AS7: =VLOOKUP($A7,Alimentos!$A:$BA,45,FALSE) -> 0
A8: x | B8: =VLOOKUP($A8,Alimentos!$A:$BA,2,FALSE) -> 0 | C8: =VLOOKUP($A8,Alimentos!$A:$BA,4,FALSE) -> 0 | E8: =VLOOKUP($A8,Alimentos!$A:$BA,5,FALSE) -> 0 | F8: =VLOOKUP($A8,Alimentos!$A:$BA,6,FALSE) -> 0 | G8: =VLOOKUP($A8,Alimentos!$A:$BA,7,FALSE) -> 0 | H8: =VLOOKUP($A8,Alimentos!$A:$BA,8,FALSE) -> 0 | I8: =VLOOKUP($A8,Alimentos!$A:$BA,9,FALSE) -> 0 | J8: =VLOOKUP($A8,Alimentos!$A:$BA,10,FALSE) -> 0 | K8: =VLOOKUP($A8,Alimentos!$A:$BA,11,FALSE) -> 0 | L8: =VLOOKUP($A8,Alimentos!$A:$BA,12,FALSE) -> 0 | M8: =VLOOKUP($A8,Alimentos!$A:$BA,13,FALSE) -> 0 | N8: =VLOOKUP($A8,Alimentos!$A:$BA,14,FALSE) -> 0 | O8: =VLOOKUP($A8,Alimentos!$A:$BA,15,FALSE) -> 0 | P8: =VLOOKUP($A8,Alimentos!$A:$BA,16,FALSE) -> 0 | Q8: =VLOOKUP($A8,Alimentos!$A:$BA,17,FALSE) -> 0 | R8: =VLOOKUP($A8,Alimentos!$A:$BA,18,FALSE) -> 0 | S8: =VLOOKUP($A8,Alimentos!$A:$BA,19,FALSE) -> 0 | T8: =VLOOKUP($A8,Alimentos!$A:$BA,20,FALSE) -> 0 | U8: =VLOOKUP($A8,Alimentos!$A:$BA,21,FALSE) -> 0 | V8: =VLOOKUP($A8,Alimentos!$A:$BA,22,FALSE) -> 0 | W8: =VLOOKUP($A8,Alimentos!$A:$BA,23,FALSE) -> 0 | X8: =VLOOKUP($A8,Alimentos!$A:$BA,24,FALSE) -> 0 | Y8: =VLOOKUP($A8,Alimentos!$A:$BA,25,FALSE) -> 0 | Z8: =VLOOKUP($A8,Alimentos!$A:$BA,26,FALSE) -> 0 | AA8: =VLOOKUP($A8,Alimentos!$A:$BA,27,FALSE) -> 0 | AB8: =VLOOKUP($A8,Alimentos!$A:$BA,28,FALSE) -> 0 | AC8: =VLOOKUP($A8,Alimentos!$A:$BA,29,FALSE) -> 0 | AD8: =VLOOKUP($A8,Alimentos!$A:$BA,30,FALSE) -> 0 | AE8: =VLOOKUP($A8,Alimentos!$A:$BA,31,FALSE) -> 0 | AF8: =VLOOKUP($A8,Alimentos!$A:$BA,32,FALSE) -> 0 | AG8: =VLOOKUP($A8,Alimentos!$A:$BA,33,FALSE) -> 0 | AH8: =VLOOKUP($A8,Alimentos!$A:$BA,34,FALSE) -> 0 | AI8: =VLOOKUP($A8,Alimentos!$A:$BA,35,FALSE) -> 0 | AJ8: =VLOOKUP($A8,Alimentos!$A:$BA,36,FALSE) -> 0 | AK8: =VLOOKUP($A8,Alimentos!$A:$BA,37,FALSE) -> 0 | AL8: =VLOOKUP($A8,Alimentos!$A:$BA,38,FALSE) -> 0 | AM8: =VLOOKUP($A8,Alimentos!$A:$BA,39,FALSE) -> 0 | AN8: =VLOOKUP($A8,Alimentos!$A:$BA,40,FALSE) -> 0 | AO8: =VLOOKUP($A8,Alimentos!$A:$BA,41,FALSE) -> 0 | AP8: =VLOOKUP($A8,Alimentos!$A:$BA,42,FALSE) -> 0 | AQ8: =VLOOKUP($A8,Alimentos!$A:$BA,43,FALSE) -> 0 | AR8: =VLOOKUP($A8,Alimentos!$A:$BA,44,FALSE) -> 0 | AS8: =VLOOKUP($A8,Alimentos!$A:$BA,45,FALSE) -> 0
A9: x | B9: =VLOOKUP($A9,Alimentos!$A:$BA,2,FALSE) -> 0 | C9: =VLOOKUP($A9,Alimentos!$A:$BA,4,FALSE) -> 0 | E9: =VLOOKUP($A9,Alimentos!$A:$BA,5,FALSE) -> 0 | F9: =VLOOKUP($A9,Alimentos!$A:$BA,6,FALSE) -> 0 | G9: =VLOOKUP($A9,Alimentos!$A:$BA,7,FALSE) -> 0 | H9: =VLOOKUP($A9,Alimentos!$A:$BA,8,FALSE) -> 0 | I9: =VLOOKUP($A9,Alimentos!$A:$BA,9,FALSE) -> 0 | J9: =VLOOKUP($A9,Alimentos!$A:$BA,10,FALSE) -> 0 | K9: =VLOOKUP($A9,Alimentos!$A:$BA,11,FALSE) -> 0 | L9: =VLOOKUP($A9,Alimentos!$A:$BA,12,FALSE) -> 0 | M9: =VLOOKUP($A9,Alimentos!$A:$BA,13,FALSE) -> 0 | N9: =VLOOKUP($A9,Alimentos!$A:$BA,14,FALSE) -> 0 | O9: =VLOOKUP($A9,Alimentos!$A:$BA,15,FALSE) -> 0 | P9: =VLOOKUP($A9,Alimentos!$A:$BA,16,FALSE) -> 0 | Q9: =VLOOKUP($A9,Alimentos!$A:$BA,17,FALSE) -> 0 | R9: =VLOOKUP($A9,Alimentos!$A:$BA,18,FALSE) -> 0 | S9: =VLOOKUP($A9,Alimentos!$A:$BA,19,FALSE) -> 0 | T9: =VLOOKUP($A9,Alimentos!$A:$BA,20,FALSE) -> 0 | U9: =VLOOKUP($A9,Alimentos!$A:$BA,21,FALSE) -> 0 | V9: =VLOOKUP($A9,Alimentos!$A:$BA,22,FALSE) -> 0 | W9: =VLOOKUP($A9,Alimentos!$A:$BA,23,FALSE) -> 0 | X9: =VLOOKUP($A9,Alimentos!$A:$BA,24,FALSE) -> 0 | Y9: =VLOOKUP($A9,Alimentos!$A:$BA,25,FALSE) -> 0 | Z9: =VLOOKUP($A9,Alimentos!$A:$BA,26,FALSE) -> 0 | AA9: =VLOOKUP($A9,Alimentos!$A:$BA,27,FALSE) -> 0 | AB9: =VLOOKUP($A9,Alimentos!$A:$BA,28,FALSE) -> 0 | AC9: =VLOOKUP($A9,Alimentos!$A:$BA,29,FALSE) -> 0 | AD9: =VLOOKUP($A9,Alimentos!$A:$BA,30,FALSE) -> 0 | AE9: =VLOOKUP($A9,Alimentos!$A:$BA,31,FALSE) -> 0 | AF9: =VLOOKUP($A9,Alimentos!$A:$BA,32,FALSE) -> 0 | AG9: =VLOOKUP($A9,Alimentos!$A:$BA,33,FALSE) -> 0 | AH9: =VLOOKUP($A9,Alimentos!$A:$BA,34,FALSE) -> 0 | AI9: =VLOOKUP($A9,Alimentos!$A:$BA,35,FALSE) -> 0 | AJ9: =VLOOKUP($A9,Alimentos!$A:$BA,36,FALSE) -> 0 | AK9: =VLOOKUP($A9,Alimentos!$A:$BA,37,FALSE) -> 0 | AL9: =VLOOKUP($A9,Alimentos!$A:$BA,38,FALSE) -> 0 | AM9: =VLOOKUP($A9,Alimentos!$A:$BA,39,FALSE) -> 0 | AN9: =VLOOKUP($A9,Alimentos!$A:$BA,40,FALSE) -> 0 | AO9: =VLOOKUP($A9,Alimentos!$A:$BA,41,FALSE) -> 0 | AP9: =VLOOKUP($A9,Alimentos!$A:$BA,42,FALSE) -> 0 | AQ9: =VLOOKUP($A9,Alimentos!$A:$BA,43,FALSE) -> 0 | AR9: =VLOOKUP($A9,Alimentos!$A:$BA,44,FALSE) -> 0 | AS9: =VLOOKUP($A9,Alimentos!$A:$BA,45,FALSE) -> 0
A10: x | B10: =VLOOKUP($A10,Alimentos!$A:$BA,2,FALSE) -> 0 | C10: =VLOOKUP($A10,Alimentos!$A:$BA,4,FALSE) -> 0 | E10: =VLOOKUP($A10,Alimentos!$A:$BA,5,FALSE) -> 0 | F10: =VLOOKUP($A10,Alimentos!$A:$BA,6,FALSE) -> 0 | G10: =VLOOKUP($A10,Alimentos!$A:$BA,7,FALSE) -> 0 | H10: =VLOOKUP($A10,Alimentos!$A:$BA,8,FALSE) -> 0 | I10: =VLOOKUP($A10,Alimentos!$A:$BA,9,FALSE) -> 0 | J10: =VLOOKUP($A10,Alimentos!$A:$BA,10,FALSE) -> 0 | K10: =VLOOKUP($A10,Alimentos!$A:$BA,11,FALSE) -> 0 | L10: =VLOOKUP($A10,Alimentos!$A:$BA,12,FALSE) -> 0 | M10: =VLOOKUP($A10,Alimentos!$A:$BA,13,FALSE) -> 0 | N10: =VLOOKUP($A10,Alimentos!$A:$BA,14,FALSE) -> 0 | O10: =VLOOKUP($A10,Alimentos!$A:$BA,15,FALSE) -> 0 | P10: =VLOOKUP($A10,Alimentos!$A:$BA,16,FALSE) -> 0 | Q10: =VLOOKUP($A10,Alimentos!$A:$BA,17,FALSE) -> 0 | R10: =VLOOKUP($A10,Alimentos!$A:$BA,18,FALSE) -> 0 | S10: =VLOOKUP($A10,Alimentos!$A:$BA,19,FALSE) -> 0 | T10: =VLOOKUP($A10,Alimentos!$A:$BA,20,FALSE) -> 0 | U10: =VLOOKUP($A10,Alimentos!$A:$BA,21,FALSE) -> 0 | V10: =VLOOKUP($A10,Alimentos!$A:$BA,22,FALSE) -> 0 | W10: =VLOOKUP($A10,Alimentos!$A:$BA,23,FALSE) -> 0 | X10: =VLOOKUP($A10,Alimentos!$A:$BA,24,FALSE) -> 0 | Y10: =VLOOKUP($A10,Alimentos!$A:$BA,25,FALSE) -> 0 | Z10: =VLOOKUP($A10,Alimentos!$A:$BA,26,FALSE) -> 0 | AA10: =VLOOKUP($A10,Alimentos!$A:$BA,27,FALSE) -> 0 | AB10: =VLOOKUP($A10,Alimentos!$A:$BA,28,FALSE) -> 0 | AC10: =VLOOKUP($A10,Alimentos!$A:$BA,29,FALSE) -> 0 | AD10: =VLOOKUP($A10,Alimentos!$A:$BA,30,FALSE) -> 0 | AE10: =VLOOKUP($A10,Alimentos!$A:$BA,31,FALSE) -> 0 | AF10: =VLOOKUP($A10,Alimentos!$A:$BA,32,FALSE) -> 0 | AG10: =VLOOKUP($A10,Alimentos!$A:$BA,33,FALSE) -> 0 | AH10: =VLOOKUP($A10,Alimentos!$A:$BA,34,FALSE) -> 0 | AI10: =VLOOKUP($A10,Alimentos!$A:$BA,35,FALSE) -> 0 | AJ10: =VLOOKUP($A10,Alimentos!$A:$BA,36,FALSE) -> 0 | AK10: =VLOOKUP($A10,Alimentos!$A:$BA,37,FALSE) -> 0 | AL10: =VLOOKUP($A10,Alimentos!$A:$BA,38,FALSE) -> 0 | AM10: =VLOOKUP($A10,Alimentos!$A:$BA,39,FALSE) -> 0 | AN10: =VLOOKUP($A10,Alimentos!$A:$BA,40,FALSE) -> 0 | AO10: =VLOOKUP($A10,Alimentos!$A:$BA,41,FALSE) -> 0 | AP10: =VLOOKUP($A10,Alimentos!$A:$BA,42,FALSE) -> 0 | AQ10: =VLOOKUP($A10,Alimentos!$A:$BA,43,FALSE) -> 0 | AR10: =VLOOKUP($A10,Alimentos!$A:$BA,44,FALSE) -> 0 | AS10: =VLOOKUP($A10,Alimentos!$A:$BA,45,FALSE) -> 0
A11: x | B11: =VLOOKUP($A11,Alimentos!$A:$BA,2,FALSE) -> 0 | C11: =VLOOKUP($A11,Alimentos!$A:$BA,4,FALSE) -> 0 | E11: =VLOOKUP($A11,Alimentos!$A:$BA,5,FALSE) -> 0 | F11: =VLOOKUP($A11,Alimentos!$A:$BA,6,FALSE) -> 0 | G11: =VLOOKUP($A11,Alimentos!$A:$BA,7,FALSE) -> 0 | H11: =VLOOKUP($A11,Alimentos!$A:$BA,8,FALSE) -> 0 | I11: =VLOOKUP($A11,Alimentos!$A:$BA,9,FALSE) -> 0 | J11: =VLOOKUP($A11,Alimentos!$A:$BA,10,FALSE) -> 0 | K11: =VLOOKUP($A11,Alimentos!$A:$BA,11,FALSE) -> 0 | L11: =VLOOKUP($A11,Alimentos!$A:$BA,12,FALSE) -> 0 | M11: =VLOOKUP($A11,Alimentos!$A:$BA,13,FALSE) -> 0 | N11: =VLOOKUP($A11,Alimentos!$A:$BA,14,FALSE) -> 0 | O11: =VLOOKUP($A11,Alimentos!$A:$BA,15,FALSE) -> 0 | P11: =VLOOKUP($A11,Alimentos!$A:$BA,16,FALSE) -> 0 | Q11: =VLOOKUP($A11,Alimentos!$A:$BA,17,FALSE) -> 0 | R11: =VLOOKUP($A11,Alimentos!$A:$BA,18,FALSE) -> 0 | S11: =VLOOKUP($A11,Alimentos!$A:$BA,19,FALSE) -> 0 | T11: =VLOOKUP($A11,Alimentos!$A:$BA,20,FALSE) -> 0 | U11: =VLOOKUP($A11,Alimentos!$A:$BA,21,FALSE) -> 0 | V11: =VLOOKUP($A11,Alimentos!$A:$BA,22,FALSE) -> 0 | W11: =VLOOKUP($A11,Alimentos!$A:$BA,23,FALSE) -> 0 | X11: =VLOOKUP($A11,Alimentos!$A:$BA,24,FALSE) -> 0 | Y11: =VLOOKUP($A11,Alimentos!$A:$BA,25,FALSE) -> 0 | Z11: =VLOOKUP($A11,Alimentos!$A:$BA,26,FALSE) -> 0 | AA11: =VLOOKUP($A11,Alimentos!$A:$BA,27,FALSE) -> 0 | AB11: =VLOOKUP($A11,Alimentos!$A:$BA,28,FALSE) -> 0 | AC11: =VLOOKUP($A11,Alimentos!$A:$BA,29,FALSE) -> 0 | AD11: =VLOOKUP($A11,Alimentos!$A:$BA,30,FALSE) -> 0 | AE11: =VLOOKUP($A11,Alimentos!$A:$BA,31,FALSE) -> 0 | AF11: =VLOOKUP($A11,Alimentos!$A:$BA,32,FALSE) -> 0 | AG11: =VLOOKUP($A11,Alimentos!$A:$BA,33,FALSE) -> 0 | AH11: =VLOOKUP($A11,Alimentos!$A:$BA,34,FALSE) -> 0 | AI11: =VLOOKUP($A11,Alimentos!$A:$BA,35,FALSE) -> 0 | AJ11: =VLOOKUP($A11,Alimentos!$A:$BA,36,FALSE) -> 0 | AK11: =VLOOKUP($A11,Alimentos!$A:$BA,37,FALSE) -> 0 | AL11: =VLOOKUP($A11,Alimentos!$A:$BA,38,FALSE) -> 0 | AM11: =VLOOKUP($A11,Alimentos!$A:$BA,39,FALSE) -> 0 | AN11: =VLOOKUP($A11,Alimentos!$A:$BA,40,FALSE) -> 0 | AO11: =VLOOKUP($A11,Alimentos!$A:$BA,41,FALSE) -> 0 | AP11: =VLOOKUP($A11,Alimentos!$A:$BA,42,FALSE) -> 0 | AQ11: =VLOOKUP($A11,Alimentos!$A:$BA,43,FALSE) -> 0 | AR11: =VLOOKUP($A11,Alimentos!$A:$BA,44,FALSE) -> 0 | AS11: =VLOOKUP($A11,Alimentos!$A:$BA,45,FALSE) -> 0
A12: x | B12: =VLOOKUP($A12,Alimentos!$A:$BA,2,FALSE) -> 0 | C12: =VLOOKUP($A12,Alimentos!$A:$BA,4,FALSE) -> 0 | E12: =VLOOKUP($A12,Alimentos!$A:$BA,5,FALSE) -> 0 | F12: =VLOOKUP($A12,Alimentos!$A:$BA,6,FALSE) -> 0 | G12: =VLOOKUP($A12,Alimentos!$A:$BA,7,FALSE) -> 0 | H12: =VLOOKUP($A12,Alimentos!$A:$BA,8,FALSE) -> 0 | I12: =VLOOKUP($A12,Alimentos!$A:$BA,9,FALSE) -> 0 | J12: =VLOOKUP($A12,Alimentos!$A:$BA,10,FALSE) -> 0 | K12: =VLOOKUP($A12,Alimentos!$A:$BA,11,FALSE) -> 0 | L12: =VLOOKUP($A12,Alimentos!$A:$BA,12,FALSE) -> 0 | M12: =VLOOKUP($A12,Alimentos!$A:$BA,13,FALSE) -> 0 | N12: =VLOOKUP($A12,Alimentos!$A:$BA,14,FALSE) -> 0 | O12: =VLOOKUP($A12,Alimentos!$A:$BA,15,FALSE) -> 0 | P12: =VLOOKUP($A12,Alimentos!$A:$BA,16,FALSE) -> 0 | Q12: =VLOOKUP($A12,Alimentos!$A:$BA,17,FALSE) -> 0 | R12: =VLOOKUP($A12,Alimentos!$A:$BA,18,FALSE) -> 0 | S12: =VLOOKUP($A12,Alimentos!$A:$BA,19,FALSE) -> 0 | T12: =VLOOKUP($A12,Alimentos!$A:$BA,20,FALSE) -> 0 | U12: =VLOOKUP($A12,Alimentos!$A:$BA,21,FALSE) -> 0 | V12: =VLOOKUP($A12,Alimentos!$A:$BA,22,FALSE) -> 0 | W12: =VLOOKUP($A12,Alimentos!$A:$BA,23,FALSE) -> 0 | X12: =VLOOKUP($A12,Alimentos!$A:$BA,24,FALSE) -> 0 | Y12: =VLOOKUP($A12,Alimentos!$A:$BA,25,FALSE) -> 0 | Z12: =VLOOKUP($A12,Alimentos!$A:$BA,26,FALSE) -> 0 | AA12: =VLOOKUP($A12,Alimentos!$A:$BA,27,FALSE) -> 0 | AB12: =VLOOKUP($A12,Alimentos!$A:$BA,28,FALSE) -> 0 | AC12: =VLOOKUP($A12,Alimentos!$A:$BA,29,FALSE) -> 0 | AD12: =VLOOKUP($A12,Alimentos!$A:$BA,30,FALSE) -> 0 | AE12: =VLOOKUP($A12,Alimentos!$A:$BA,31,FALSE) -> 0 | AF12: =VLOOKUP($A12,Alimentos!$A:$BA,32,FALSE) -> 0 | AG12: =VLOOKUP($A12,Alimentos!$A:$BA,33,FALSE) -> 0 | AH12: =VLOOKUP($A12,Alimentos!$A:$BA,34,FALSE) -> 0 | AI12: =VLOOKUP($A12,Alimentos!$A:$BA,35,FALSE) -> 0 | AJ12: =VLOOKUP($A12,Alimentos!$A:$BA,36,FALSE) -> 0 | AK12: =VLOOKUP($A12,Alimentos!$A:$BA,37,FALSE) -> 0 | AL12: =VLOOKUP($A12,Alimentos!$A:$BA,38,FALSE) -> 0 | AM12: =VLOOKUP($A12,Alimentos!$A:$BA,39,FALSE) -> 0 | AN12: =VLOOKUP($A12,Alimentos!$A:$BA,40,FALSE) -> 0 | AO12: =VLOOKUP($A12,Alimentos!$A:$BA,41,FALSE) -> 0 | AP12: =VLOOKUP($A12,Alimentos!$A:$BA,42,FALSE) -> 0 | AQ12: =VLOOKUP($A12,Alimentos!$A:$BA,43,FALSE) -> 0 | AR12: =VLOOKUP($A12,Alimentos!$A:$BA,44,FALSE) -> 0 | AS12: =VLOOKUP($A12,Alimentos!$A:$BA,45,FALSE) -> 0
A13: x | B13: =VLOOKUP($A13,Alimentos!$A:$BA,2,FALSE) -> 0 | C13: =VLOOKUP($A13,Alimentos!$A:$BA,4,FALSE) -> 0 | E13: =VLOOKUP($A13,Alimentos!$A:$BA,5,FALSE) -> 0 | F13: =VLOOKUP($A13,Alimentos!$A:$BA,6,FALSE) -> 0 | G13: =VLOOKUP($A13,Alimentos!$A:$BA,7,FALSE) -> 0 | H13: =VLOOKUP($A13,Alimentos!$A:$BA,8,FALSE) -> 0 | I13: =VLOOKUP($A13,Alimentos!$A:$BA,9,FALSE) -> 0 | J13: =VLOOKUP($A13,Alimentos!$A:$BA,10,FALSE) -> 0 | K13: =VLOOKUP($A13,Alimentos!$A:$BA,11,FALSE) -> 0 | L13: =VLOOKUP($A13,Alimentos!$A:$BA,12,FALSE) -> 0 | M13: =VLOOKUP($A13,Alimentos!$A:$BA,13,FALSE) -> 0 | N13: =VLOOKUP($A13,Alimentos!$A:$BA,14,FALSE) -> 0 | O13: =VLOOKUP($A13,Alimentos!$A:$BA,15,FALSE) -> 0 | P13: =VLOOKUP($A13,Alimentos!$A:$BA,16,FALSE) -> 0 | Q13: =VLOOKUP($A13,Alimentos!$A:$BA,17,FALSE) -> 0 | R13: =VLOOKUP($A13,Alimentos!$A:$BA,18,FALSE) -> 0 | S13: =VLOOKUP($A13,Alimentos!$A:$BA,19,FALSE) -> 0 | T13: =VLOOKUP($A13,Alimentos!$A:$BA,20,FALSE) -> 0 | U13: =VLOOKUP($A13,Alimentos!$A:$BA,21,FALSE) -> 0 | V13: =VLOOKUP($A13,Alimentos!$A:$BA,22,FALSE) -> 0 | W13: =VLOOKUP($A13,Alimentos!$A:$BA,23,FALSE) -> 0 | X13: =VLOOKUP($A13,Alimentos!$A:$BA,24,FALSE) -> 0 | Y13: =VLOOKUP($A13,Alimentos!$A:$BA,25,FALSE) -> 0 | Z13: =VLOOKUP($A13,Alimentos!$A:$BA,26,FALSE) -> 0 | AA13: =VLOOKUP($A13,Alimentos!$A:$BA,27,FALSE) -> 0 | AB13: =VLOOKUP($A13,Alimentos!$A:$BA,28,FALSE) -> 0 | AC13: =VLOOKUP($A13,Alimentos!$A:$BA,29,FALSE) -> 0 | AD13: =VLOOKUP($A13,Alimentos!$A:$BA,30,FALSE) -> 0 | AE13: =VLOOKUP($A13,Alimentos!$A:$BA,31,FALSE) -> 0 | AF13: =VLOOKUP($A13,Alimentos!$A:$BA,32,FALSE) -> 0 | AG13: =VLOOKUP($A13,Alimentos!$A:$BA,33,FALSE) -> 0 | AH13: =VLOOKUP($A13,Alimentos!$A:$BA,34,FALSE) -> 0 | AI13: =VLOOKUP($A13,Alimentos!$A:$BA,35,FALSE) -> 0 | AJ13: =VLOOKUP($A13,Alimentos!$A:$BA,36,FALSE) -> 0 | AK13: =VLOOKUP($A13,Alimentos!$A:$BA,37,FALSE) -> 0 | AL13: =VLOOKUP($A13,Alimentos!$A:$BA,38,FALSE) -> 0 | AM13: =VLOOKUP($A13,Alimentos!$A:$BA,39,FALSE) -> 0 | AN13: =VLOOKUP($A13,Alimentos!$A:$BA,40,FALSE) -> 0 | AO13: =VLOOKUP($A13,Alimentos!$A:$BA,41,FALSE) -> 0 | AP13: =VLOOKUP($A13,Alimentos!$A:$BA,42,FALSE) -> 0 | AQ13: =VLOOKUP($A13,Alimentos!$A:$BA,43,FALSE) -> 0 | AR13: =VLOOKUP($A13,Alimentos!$A:$BA,44,FALSE) -> 0 | AS13: =VLOOKUP($A13,Alimentos!$A:$BA,45,FALSE) -> 0
A14: x | B14: =VLOOKUP($A14,Alimentos!$A:$BA,2,FALSE) -> 0 | C14: =VLOOKUP($A14,Alimentos!$A:$BA,4,FALSE) -> 0 | E14: =VLOOKUP($A14,Alimentos!$A:$BA,5,FALSE) -> 0 | F14: =VLOOKUP($A14,Alimentos!$A:$BA,6,FALSE) -> 0 | G14: =VLOOKUP($A14,Alimentos!$A:$BA,7,FALSE) -> 0 | H14: =VLOOKUP($A14,Alimentos!$A:$BA,8,FALSE) -> 0 | I14: =VLOOKUP($A14,Alimentos!$A:$BA,9,FALSE) -> 0 | J14: =VLOOKUP($A14,Alimentos!$A:$BA,10,FALSE) -> 0 | K14: =VLOOKUP($A14,Alimentos!$A:$BA,11,FALSE) -> 0 | L14: =VLOOKUP($A14,Alimentos!$A:$BA,12,FALSE) -> 0 | M14: =VLOOKUP($A14,Alimentos!$A:$BA,13,FALSE) -> 0 | N14: =VLOOKUP($A14,Alimentos!$A:$BA,14,FALSE) -> 0 | O14: =VLOOKUP($A14,Alimentos!$A:$BA,15,FALSE) -> 0 | P14: =VLOOKUP($A14,Alimentos!$A:$BA,16,FALSE) -> 0 | Q14: =VLOOKUP($A14,Alimentos!$A:$BA,17,FALSE) -> 0 | R14: =VLOOKUP($A14,Alimentos!$A:$BA,18,FALSE) -> 0 | S14: =VLOOKUP($A14,Alimentos!$A:$BA,19,FALSE) -> 0 | T14: =VLOOKUP($A14,Alimentos!$A:$BA,20,FALSE) -> 0 | U14: =VLOOKUP($A14,Alimentos!$A:$BA,21,FALSE) -> 0 | V14: =VLOOKUP($A14,Alimentos!$A:$BA,22,FALSE) -> 0 | W14: =VLOOKUP($A14,Alimentos!$A:$BA,23,FALSE) -> 0 | X14: =VLOOKUP($A14,Alimentos!$A:$BA,24,FALSE) -> 0 | Y14: =VLOOKUP($A14,Alimentos!$A:$BA,25,FALSE) -> 0 | Z14: =VLOOKUP($A14,Alimentos!$A:$BA,26,FALSE) -> 0 | AA14: =VLOOKUP($A14,Alimentos!$A:$BA,27,FALSE) -> 0 | AB14: =VLOOKUP($A14,Alimentos!$A:$BA,28,FALSE) -> 0 | AC14: =VLOOKUP($A14,Alimentos!$A:$BA,29,FALSE) -> 0 | AD14: =VLOOKUP($A14,Alimentos!$A:$BA,30,FALSE) -> 0 | AE14: =VLOOKUP($A14,Alimentos!$A:$BA,31,FALSE) -> 0 | AF14: =VLOOKUP($A14,Alimentos!$A:$BA,32,FALSE) -> 0 | AG14: =VLOOKUP($A14,Alimentos!$A:$BA,33,FALSE) -> 0 | AH14: =VLOOKUP($A14,Alimentos!$A:$BA,34,FALSE) -> 0 | AI14: =VLOOKUP($A14,Alimentos!$A:$BA,35,FALSE) -> 0 | AJ14: =VLOOKUP($A14,Alimentos!$A:$BA,36,FALSE) -> 0 | AK14: =VLOOKUP($A14,Alimentos!$A:$BA,37,FALSE) -> 0 | AL14: =VLOOKUP($A14,Alimentos!$A:$BA,38,FALSE) -> 0 | AM14: =VLOOKUP($A14,Alimentos!$A:$BA,39,FALSE) -> 0 | AN14: =VLOOKUP($A14,Alimentos!$A:$BA,40,FALSE) -> 0 | AO14: =VLOOKUP($A14,Alimentos!$A:$BA,41,FALSE) -> 0 | AP14: =VLOOKUP($A14,Alimentos!$A:$BA,42,FALSE) -> 0 | AQ14: =VLOOKUP($A14,Alimentos!$A:$BA,43,FALSE) -> 0 | AR14: =VLOOKUP($A14,Alimentos!$A:$BA,44,FALSE) -> 0 | AS14: =VLOOKUP($A14,Alimentos!$A:$BA,45,FALSE) -> 0
A15: x | B15: =VLOOKUP($A15,Alimentos!$A:$BA,2,FALSE) -> 0 | C15: =VLOOKUP($A15,Alimentos!$A:$BA,4,FALSE) -> 0 | E15: =VLOOKUP($A15,Alimentos!$A:$BA,5,FALSE) -> 0 | F15: =VLOOKUP($A15,Alimentos!$A:$BA,6,FALSE) -> 0 | G15: =VLOOKUP($A15,Alimentos!$A:$BA,7,FALSE) -> 0 | H15: =VLOOKUP($A15,Alimentos!$A:$BA,8,FALSE) -> 0 | I15: =VLOOKUP($A15,Alimentos!$A:$BA,9,FALSE) -> 0 | J15: =VLOOKUP($A15,Alimentos!$A:$BA,10,FALSE) -> 0 | K15: =VLOOKUP($A15,Alimentos!$A:$BA,11,FALSE) -> 0 | L15: =VLOOKUP($A15,Alimentos!$A:$BA,12,FALSE) -> 0 | M15: =VLOOKUP($A15,Alimentos!$A:$BA,13,FALSE) -> 0 | N15: =VLOOKUP($A15,Alimentos!$A:$BA,14,FALSE) -> 0 | O15: =VLOOKUP($A15,Alimentos!$A:$BA,15,FALSE) -> 0 | P15: =VLOOKUP($A15,Alimentos!$A:$BA,16,FALSE) -> 0 | Q15: =VLOOKUP($A15,Alimentos!$A:$BA,17,FALSE) -> 0 | R15: =VLOOKUP($A15,Alimentos!$A:$BA,18,FALSE) -> 0 | S15: =VLOOKUP($A15,Alimentos!$A:$BA,19,FALSE) -> 0 | T15: =VLOOKUP($A15,Alimentos!$A:$BA,20,FALSE) -> 0 | U15: =VLOOKUP($A15,Alimentos!$A:$BA,21,FALSE) -> 0 | V15: =VLOOKUP($A15,Alimentos!$A:$BA,22,FALSE) -> 0 | W15: =VLOOKUP($A15,Alimentos!$A:$BA,23,FALSE) -> 0 | X15: =VLOOKUP($A15,Alimentos!$A:$BA,24,FALSE) -> 0 | Y15: =VLOOKUP($A15,Alimentos!$A:$BA,25,FALSE) -> 0 | Z15: =VLOOKUP($A15,Alimentos!$A:$BA,26,FALSE) -> 0 | AA15: =VLOOKUP($A15,Alimentos!$A:$BA,27,FALSE) -> 0 | AB15: =VLOOKUP($A15,Alimentos!$A:$BA,28,FALSE) -> 0 | AC15: =VLOOKUP($A15,Alimentos!$A:$BA,29,FALSE) -> 0 | AD15: =VLOOKUP($A15,Alimentos!$A:$BA,30,FALSE) -> 0 | AE15: =VLOOKUP($A15,Alimentos!$A:$BA,31,FALSE) -> 0 | AF15: =VLOOKUP($A15,Alimentos!$A:$BA,32,FALSE) -> 0 | AG15: =VLOOKUP($A15,Alimentos!$A:$BA,33,FALSE) -> 0 | AH15: =VLOOKUP($A15,Alimentos!$A:$BA,34,FALSE) -> 0 | AI15: =VLOOKUP($A15,Alimentos!$A:$BA,35,FALSE) -> 0 | AJ15: =VLOOKUP($A15,Alimentos!$A:$BA,36,FALSE) -> 0 | AK15: =VLOOKUP($A15,Alimentos!$A:$BA,37,FALSE) -> 0 | AL15: =VLOOKUP($A15,Alimentos!$A:$BA,38,FALSE) -> 0 | AM15: =VLOOKUP($A15,Alimentos!$A:$BA,39,FALSE) -> 0 | AN15: =VLOOKUP($A15,Alimentos!$A:$BA,40,FALSE) -> 0 | AO15: =VLOOKUP($A15,Alimentos!$A:$BA,41,FALSE) -> 0 | AP15: =VLOOKUP($A15,Alimentos!$A:$BA,42,FALSE) -> 0 | AQ15: =VLOOKUP($A15,Alimentos!$A:$BA,43,FALSE) -> 0 | AR15: =VLOOKUP($A15,Alimentos!$A:$BA,44,FALSE) -> 0 | AS15: =VLOOKUP($A15,Alimentos!$A:$BA,45,FALSE) -> 0
A16: x | B16: =VLOOKUP($A16,Alimentos!$A:$BA,2,FALSE) -> 0 | C16: =VLOOKUP($A16,Alimentos!$A:$BA,4,FALSE) -> 0 | E16: =VLOOKUP($A16,Alimentos!$A:$BA,5,FALSE) -> 0 | F16: =VLOOKUP($A16,Alimentos!$A:$BA,6,FALSE) -> 0 | G16: =VLOOKUP($A16,Alimentos!$A:$BA,7,FALSE) -> 0 | H16: =VLOOKUP($A16,Alimentos!$A:$BA,8,FALSE) -> 0 | I16: =VLOOKUP($A16,Alimentos!$A:$BA,9,FALSE) -> 0 | J16: =VLOOKUP($A16,Alimentos!$A:$BA,10,FALSE) -> 0 | K16: =VLOOKUP($A16,Alimentos!$A:$BA,11,FALSE) -> 0 | L16: =VLOOKUP($A16,Alimentos!$A:$BA,12,FALSE) -> 0 | M16: =VLOOKUP($A16,Alimentos!$A:$BA,13,FALSE) -> 0 | N16: =VLOOKUP($A16,Alimentos!$A:$BA,14,FALSE) -> 0 | O16: =VLOOKUP($A16,Alimentos!$A:$BA,15,FALSE) -> 0 | P16: =VLOOKUP($A16,Alimentos!$A:$BA,16,FALSE) -> 0 | Q16: =VLOOKUP($A16,Alimentos!$A:$BA,17,FALSE) -> 0 | R16: =VLOOKUP($A16,Alimentos!$A:$BA,18,FALSE) -> 0 | S16: =VLOOKUP($A16,Alimentos!$A:$BA,19,FALSE) -> 0 | T16: =VLOOKUP($A16,Alimentos!$A:$BA,20,FALSE) -> 0 | U16: =VLOOKUP($A16,Alimentos!$A:$BA,21,FALSE) -> 0 | V16: =VLOOKUP($A16,Alimentos!$A:$BA,22,FALSE) -> 0 | W16: =VLOOKUP($A16,Alimentos!$A:$BA,23,FALSE) -> 0 | X16: =VLOOKUP($A16,Alimentos!$A:$BA,24,FALSE) -> 0 | Y16: =VLOOKUP($A16,Alimentos!$A:$BA,25,FALSE) -> 0 | Z16: =VLOOKUP($A16,Alimentos!$A:$BA,26,FALSE) -> 0 | AA16: =VLOOKUP($A16,Alimentos!$A:$BA,27,FALSE) -> 0 | AB16: =VLOOKUP($A16,Alimentos!$A:$BA,28,FALSE) -> 0 | AC16: =VLOOKUP($A16,Alimentos!$A:$BA,29,FALSE) -> 0 | AD16: =VLOOKUP($A16,Alimentos!$A:$BA,30,FALSE) -> 0 | AE16: =VLOOKUP($A16,Alimentos!$A:$BA,31,FALSE) -> 0 | AF16: =VLOOKUP($A16,Alimentos!$A:$BA,32,FALSE) -> 0 | AG16: =VLOOKUP($A16,Alimentos!$A:$BA,33,FALSE) -> 0 | AH16: =VLOOKUP($A16,Alimentos!$A:$BA,34,FALSE) -> 0 | AI16: =VLOOKUP($A16,Alimentos!$A:$BA,35,FALSE) -> 0 | AJ16: =VLOOKUP($A16,Alimentos!$A:$BA,36,FALSE) -> 0 | AK16: =VLOOKUP($A16,Alimentos!$A:$BA,37,FALSE) -> 0 | AL16: =VLOOKUP($A16,Alimentos!$A:$BA,38,FALSE) -> 0 | AM16: =VLOOKUP($A16,Alimentos!$A:$BA,39,FALSE) -> 0 | AN16: =VLOOKUP($A16,Alimentos!$A:$BA,40,FALSE) -> 0 | AO16: =VLOOKUP($A16,Alimentos!$A:$BA,41,FALSE) -> 0 | AP16: =VLOOKUP($A16,Alimentos!$A:$BA,42,FALSE) -> 0 | AQ16: =VLOOKUP($A16,Alimentos!$A:$BA,43,FALSE) -> 0 | AR16: =VLOOKUP($A16,Alimentos!$A:$BA,44,FALSE) -> 0 | AS16: =VLOOKUP($A16,Alimentos!$A:$BA,45,FALSE) -> 0
A17: x | B17: =VLOOKUP($A17,Alimentos!$A:$BA,2,FALSE) -> 0 | C17: =VLOOKUP($A17,Alimentos!$A:$BA,4,FALSE) -> 0 | E17: =VLOOKUP($A17,Alimentos!$A:$BA,5,FALSE) -> 0 | F17: =VLOOKUP($A17,Alimentos!$A:$BA,6,FALSE) -> 0 | G17: =VLOOKUP($A17,Alimentos!$A:$BA,7,FALSE) -> 0 | H17: =VLOOKUP($A17,Alimentos!$A:$BA,8,FALSE) -> 0 | I17: =VLOOKUP($A17,Alimentos!$A:$BA,9,FALSE) -> 0 | J17: =VLOOKUP($A17,Alimentos!$A:$BA,10,FALSE) -> 0 | K17: =VLOOKUP($A17,Alimentos!$A:$BA,11,FALSE) -> 0 | L17: =VLOOKUP($A17,Alimentos!$A:$BA,12,FALSE) -> 0 | M17: =VLOOKUP($A17,Alimentos!$A:$BA,13,FALSE) -> 0 | N17: =VLOOKUP($A17,Alimentos!$A:$BA,14,FALSE) -> 0 | O17: =VLOOKUP($A17,Alimentos!$A:$BA,15,FALSE) -> 0 | P17: =VLOOKUP($A17,Alimentos!$A:$BA,16,FALSE) -> 0 | Q17: =VLOOKUP($A17,Alimentos!$A:$BA,17,FALSE) -> 0 | R17: =VLOOKUP($A17,Alimentos!$A:$BA,18,FALSE) -> 0 | S17: =VLOOKUP($A17,Alimentos!$A:$BA,19,FALSE) -> 0 | T17: =VLOOKUP($A17,Alimentos!$A:$BA,20,FALSE) -> 0 | U17: =VLOOKUP($A17,Alimentos!$A:$BA,21,FALSE) -> 0 | V17: =VLOOKUP($A17,Alimentos!$A:$BA,22,FALSE) -> 0 | W17: =VLOOKUP($A17,Alimentos!$A:$BA,23,FALSE) -> 0 | X17: =VLOOKUP($A17,Alimentos!$A:$BA,24,FALSE) -> 0 | Y17: =VLOOKUP($A17,Alimentos!$A:$BA,25,FALSE) -> 0 | Z17: =VLOOKUP($A17,Alimentos!$A:$BA,26,FALSE) -> 0 | AA17: =VLOOKUP($A17,Alimentos!$A:$BA,27,FALSE) -> 0 | AB17: =VLOOKUP($A17,Alimentos!$A:$BA,28,FALSE) -> 0 | AC17: =VLOOKUP($A17,Alimentos!$A:$BA,29,FALSE) -> 0 | AD17: =VLOOKUP($A17,Alimentos!$A:$BA,30,FALSE) -> 0 | AE17: =VLOOKUP($A17,Alimentos!$A:$BA,31,FALSE) -> 0 | AF17: =VLOOKUP($A17,Alimentos!$A:$BA,32,FALSE) -> 0 | AG17: =VLOOKUP($A17,Alimentos!$A:$BA,33,FALSE) -> 0 | AH17: =VLOOKUP($A17,Alimentos!$A:$BA,34,FALSE) -> 0 | AI17: =VLOOKUP($A17,Alimentos!$A:$BA,35,FALSE) -> 0 | AJ17: =VLOOKUP($A17,Alimentos!$A:$BA,36,FALSE) -> 0 | AK17: =VLOOKUP($A17,Alimentos!$A:$BA,37,FALSE) -> 0 | AL17: =VLOOKUP($A17,Alimentos!$A:$BA,38,FALSE) -> 0 | AM17: =VLOOKUP($A17,Alimentos!$A:$BA,39,FALSE) -> 0 | AN17: =VLOOKUP($A17,Alimentos!$A:$BA,40,FALSE) -> 0 | AO17: =VLOOKUP($A17,Alimentos!$A:$BA,41,FALSE) -> 0 | AP17: =VLOOKUP($A17,Alimentos!$A:$BA,42,FALSE) -> 0 | AQ17: =VLOOKUP($A17,Alimentos!$A:$BA,43,FALSE) -> 0 | AR17: =VLOOKUP($A17,Alimentos!$A:$BA,44,FALSE) -> 0 | AS17: =VLOOKUP($A17,Alimentos!$A:$BA,45,FALSE) -> 0
... A21: x | B21: =VLOOKUP($A21,Alimentos!$A:$BA,2,FALSE) -> 0 | C21: =VLOOKUP($A21,Alimentos!$A:$BA,4,FALSE) -> 0 | E21: =VLOOKUP($A21,Alimentos!$A:$BA,5,FALSE) -> 0 | F21: =VLOOKUP($A21,Alimentos!$A:$BA,6,FALSE) -> 0 | G21: =VLOOKUP($A21,Alimentos!$A:$BA,7,FALSE) -> 0 | H21: =VLOOKUP($A21,Alimentos!$A:$BA,8,FALSE) -> 0 | I21: =VLOOKUP($A21,Alimentos!$A:$BA,9,FALSE) -> 0 | J21: =VLOOKUP($A21,Alimentos!$A:$BA,10,FALSE) -> 0 | K21: =VLOOKUP($A21,Alimentos!$A:$BA,11,FALSE) -> 0 | L21: =VLOOKUP($A21,Alimentos!$A:$BA,12,FALSE) -> 0 | M21: =VLOOKUP($A21,Alimentos!$A:$BA,13,FALSE) -> 0 | N21: =VLOOKUP($A21,Alimentos!$A:$BA,14,FALSE) -> 0 | O21: =VLOOKUP($A21,Alimentos!$A:$BA,15,FALSE) -> 0 | P21: =VLOOKUP($A21,Alimentos!$A:$BA,16,FALSE) -> 0 | Q21: =VLOOKUP($A21,Alimentos!$A:$BA,17,FALSE) -> 0 | R21: =VLOOKUP($A21,Alimentos!$A:$BA,18,FALSE) -> 0 | S21: =VLOOKUP($A21,Alimentos!$A:$BA,19,FALSE) -> 0 | T21: =VLOOKUP($A21,Alimentos!$A:$BA,20,FALSE) -> 0 | U21: =VLOOKUP($A21,Alimentos!$A:$BA,21,FALSE) -> 0 | V21: =VLOOKUP($A21,Alimentos!$A:$BA,22,FALSE) -> 0 | W21: =VLOOKUP($A21,Alimentos!$A:$BA,23,FALSE) -> 0 | X21: =VLOOKUP($A21,Alimentos!$A:$BA,24,FALSE) -> 0 | Y21: =VLOOKUP($A21,Alimentos!$A:$BA,25,FALSE) -> 0 | Z21: =VLOOKUP($A21,Alimentos!$A:$BA,26,FALSE) -> 0 | AA21: =VLOOKUP($A21,Alimentos!$A:$BA,27,FALSE) -> 0 | AB21: =VLOOKUP($A21,Alimentos!$A:$BA,28,FALSE) -> 0 | AC21: =VLOOKUP($A21,Alimentos!$A:$BA,29,FALSE) -> 0 | AD21: =VLOOKUP($A21,Alimentos!$A:$BA,30,FALSE) -> 0 | AE21: =VLOOKUP($A21,Alimentos!$A:$BA,31,FALSE) -> 0 | AF21: =VLOOKUP($A21,Alimentos!$A:$BA,32,FALSE) -> 0 | AG21: =VLOOKUP($A21,Alimentos!$A:$BA,33,FALSE) -> 0 | AH21: =VLOOKUP($A21,Alimentos!$A:$BA,34,FALSE) -> 0 | AI21: =VLOOKUP($A21,Alimentos!$A:$BA,35,FALSE) -> 0 | AJ21: =VLOOKUP($A21,Alimentos!$A:$BA,36,FALSE) -> 0 | AK21: =VLOOKUP($A21,Alimentos!$A:$BA,37,FALSE) -> 0 | AL21: =VLOOKUP($A21,Alimentos!$A:$BA,38,FALSE) -> 0 | AM21: =VLOOKUP($A21,Alimentos!$A:$BA,39,FALSE) -> 0 | AN21: =VLOOKUP($A21,Alimentos!$A:$BA,40,FALSE) -> 0 | AO21: =VLOOKUP($A21,Alimentos!$A:$BA,41,FALSE) -> 0 | AP21: =VLOOKUP($A21,Alimentos!$A:$BA,42,FALSE) -> 0 | AQ21: =VLOOKUP($A21,Alimentos!$A:$BA,43,FALSE) -> 0 | AR21: =VLOOKUP($A21,Alimentos!$A:$BA,44,FALSE) -> 0 | AS21: =VLOOKUP($A21,Alimentos!$A:$BA,45,FALSE) -> 0
A23: Unidades | B23: =B4 -> R$/Kg MN | C23: kg | D23: % MS | E23: kg | F23: kg | G23: kg | H23: kg | I23: kg | J23: kg | K23: kg | L23: kg | M23: kg | N23: kg | O23: Mcal | P23: kg | Q23: kg | R23: kg | S23: kg | T23: kg | U23: kg | V23: kg | W23: kg | X23: kg | Y23: kg | Z23: kg | AA23: kg | AB23: kg | AC23: kg | AD23: kg | AE23: kg | AF23: mg | AG23: mg | AH23: mg | AI23: mg | AJ23: mg | AK23: mg | AL23: mg | AM23: UI | AN23: UI | AO23: UI | AP23: mg | AQ23: mg | AR23: mg | AS23: UFC
A24: Alimento | B24: Custo | C24: MO | D24: MS | E24: MS | F24: PB | G24: PDR | H24: PNDR | I24: FDN | J24: eFDN | K24: FDN>8 | L24: FDN>19 | M24: FDNF | N24: FDA | O24: NEl | P24: NDT | Q24: EE | R24: EE Insat | S24: Cinza | T24: CNF | U24: Amido | V24: Amido DR | W24: Met | X24: Lys | Y24: Ca | Z24: P | AA24: Mg | AB24: K | AC24: S | AD24: Na | AE24: Cl | AF24: Co | AG24: Cu | AH24: Mn | AI24: Zn | AJ24: Se | AK24: I | AL24: Fe | AM24: Vit A | AN24: Vit D3 | AO24: Vit E | AP24: Biotina | AQ24: Monensina | AR24: Cr | AS24: Levedura
A25: =A6 -> x | B25: =C25*B6 -> 0 | D25: =E25/E$43 -> #DIV/0! | E25: =C25*E6 -> 0 | F25: =$E25*F6 -> 0 | G25: =$E25*G6 -> 0 | H25: =$E25*H6 -> 0 | I25: =$E25*I6 -> 0 | J25: =$E25*J6 -> 0 | K25: =IF(AT25="S",((((I6*K6*100)*0.9465)+4.5798)/100)*E25,IF(AT25="F",I6*K6*E25,0)) -> 0 | L25: =IF(AT25="S",((((I6*L6*100)*1.0083)+0.4502)/100)*E25,IF(AT25="F",I6*L6*E25,0)) -> 0 | M25: =$E25*M6 -> 0 | N25: =$E25*N6 -> 0 | O25: =$E25*O6 -> 0 | P25: =$E25*P6 -> 0 | Q25: =$E25*Q6 -> 0 | R25: =$E25*R6 -> 0 | S25: =$E25*S6 -> 0 | T25: =$E25*T6 -> 0 | U25: =$E25*U6 -> 0 | V25: =(V6/(V6+I$56))*U25 -> #DIV/0! | W25: =$E25*W6 -> 0 | X25: =$E25*X6 -> 0 | Y25: =$E25*Y6 -> 0 | Z25: =$E25*Z6 -> 0 | AA25: =$E25*AA6 -> 0 | AB25: =$E25*AB6 -> 0 | AC25: =$E25*AC6 -> 0 | AD25: =$E25*AD6 -> 0 | ... AS25: =$E25*AS6 -> 0 | AT25: =C6 -> 0 | AU25: =($C25/$C$42)*(K6-L6) -> #DIV/0! | AV25: =($C25/$C$42)*L6 -> #DIV/0!
A26: =A7 -> x | B26: =C26*B7 -> 0 | D26: =E26/E$43 -> #DIV/0! | E26: =C26*E7 -> 0 | F26: =$E26*F7 -> 0 | G26: =$E26*G7 -> 0 | H26: =$E26*H7 -> 0 | I26: =$E26*I7 -> 0 | J26: =$E26*J7 -> 0 | K26: =IF(AT26="S",((((I7*K7*100)*0.9465)+4.5798)/100)*E26,IF(AT26="F",I7*K7*E26,0)) -> 0 | L26: =IF(AT26="S",((((I7*L7*100)*1.0083)+0.4502)/100)*E26,IF(AT26="F",I7*L7*E26,0)) -> 0 | M26: =$E26*M7 -> 0 | N26: =$E26*N7 -> 0 | O26: =$E26*O7 -> 0 | P26: =$E26*P7 -> 0 | Q26: =$E26*Q7 -> 0 | R26: =$E26*R7 -> 0 | S26: =$E26*S7 -> 0 | T26: =$E26*T7 -> 0 | U26: =$E26*U7 -> 0 | V26: =(V7/(V7+I$56))*U26 -> #DIV/0! | W26: =$E26*W7 -> 0 | X26: =$E26*X7 -> 0 | Y26: =$E26*Y7 -> 0 | Z26: =$E26*Z7 -> 0 | AA26: =$E26*AA7 -> 0 | AB26: =$E26*AB7 -> 0 | AC26: =$E26*AC7 -> 0 | AD26: =$E26*AD7 -> 0 | ... AS26: =$E26*AS7 -> 0 | AT26: =C7 -> 0 | AU26: =($C26/$C$42)*(K7-L7) -> #DIV/0! | AV26: =($C26/$C$42)*L7 -> #DIV/0!
A27: =A8 -> x | B27: =C27*B8 -> 0 | D27: =E27/E$43 -> #DIV/0! | E27: =C27*E8 -> 0 | F27: =$E27*F8 -> 0 | G27: =$E27*G8 -> 0 | H27: =$E27*H8 -> 0 | I27: =$E27*I8 -> 0 | J27: =$E27*J8 -> 0 | K27: =IF(AT27="S",((((I8*K8*100)*0.9465)+4.5798)/100)*E27,IF(AT27="F",I8*K8*E27,0)) -> 0 | L27: =IF(AT27="S",((((I8*L8*100)*1.0083)+0.4502)/100)*E27,IF(AT27="F",I8*L8*E27,0)) -> 0 | M27: =$E27*M8 -> 0 | N27: =$E27*N8 -> 0 | O27: =$E27*O8 -> 0 | P27: =$E27*P8 -> 0 | Q27: =$E27*Q8 -> 0 | R27: =$E27*R8 -> 0 | S27: =$E27*S8 -> 0 | T27: =$E27*T8 -> 0 | U27: =$E27*U8 -> 0 | V27: =(V8/(V8+I$56))*U27 -> #DIV/0! | W27: =$E27*W8 -> 0 | X27: =$E27*X8 -> 0 | Y27: =$E27*Y8 -> 0 | Z27: =$E27*Z8 -> 0 | AA27: =$E27*AA8 -> 0 | AB27: =$E27*AB8 -> 0 | AC27: =$E27*AC8 -> 0 | AD27: =$E27*AD8 -> 0 | ... AS27: =$E27*AS8 -> 0 | AT27: =C8 -> 0 | AU27: =($C27/$C$42)*(K8-L8) -> #DIV/0! | AV27: =($C27/$C$42)*L8 -> #DIV/0!
A28: =A9 -> x | B28: =C28*B9 -> 0 | D28: =E28/E$43 -> #DIV/0! | E28: =C28*E9 -> 0 | F28: =$E28*F9 -> 0 | G28: =$E28*G9 -> 0 | H28: =$E28*H9 -> 0 | I28: =$E28*I9 -> 0 | J28: =$E28*J9 -> 0 | K28: =IF(AT28="S",((((I9*K9*100)*0.9465)+4.5798)/100)*E28,IF(AT28="F",I9*K9*E28,0)) -> 0 | L28: =IF(AT28="S",((((I9*L9*100)*1.0083)+0.4502)/100)*E28,IF(AT28="F",I9*L9*E28,0)) -> 0 | M28: =$E28*M9 -> 0 | N28: =$E28*N9 -> 0 | O28: =$E28*O9 -> 0 | P28: =$E28*P9 -> 0 | Q28: =$E28*Q9 -> 0 | R28: =$E28*R9 -> 0 | S28: =$E28*S9 -> 0 | T28: =$E28*T9 -> 0 | U28: =$E28*U9 -> 0 | V28: =(V9/(V9+I$56))*U28 -> #DIV/0! | W28: =$E28*W9 -> 0 | X28: =$E28*X9 -> 0 | Y28: =$E28*Y9 -> 0 | Z28: =$E28*Z9 -> 0 | AA28: =$E28*AA9 -> 0 | AB28: =$E28*AB9 -> 0 | AC28: =$E28*AC9 -> 0 | AD28: =$E28*AD9 -> 0 | ... AS28: =$E28*AS9 -> 0 | AT28: =C9 -> 0 | AU28: =($C28/$C$42)*(K9-L9) -> #DIV/0! | AV28: =($C28/$C$42)*L9 -> #DIV/0!
A29: =A10 -> x | B29: =C29*B10 -> 0 | D29: =E29/E$43 -> #DIV/0! | E29: =C29*E10 -> 0 | F29: =$E29*F10 -> 0 | G29: =$E29*G10 -> 0 | H29: =$E29*H10 -> 0 | I29: =$E29*I10 -> 0 | J29: =$E29*J10 -> 0 | K29: =IF(AT29="S",((((I10*K10*100)*0.9465)+4.5798)/100)*E29,IF(AT29="F",I10*K10*E29,0)) -> 0 | L29: =IF(AT29="S",((((I10*L10*100)*1.0083)+0.4502)/100)*E29,IF(AT29="F",I10*L10*E29,0)) -> 0 | M29: =$E29*M10 -> 0 | N29: =$E29*N10 -> 0 | O29: =$E29*O10 -> 0 | P29: =$E29*P10 -> 0 | Q29: =$E29*Q10 -> 0 | R29: =$E29*R10 -> 0 | S29: =$E29*S10 -> 0 | T29: =$E29*T10 -> 0 | U29: =$E29*U10 -> 0 | V29: =(V10/(V10+I$56))*U29 -> #DIV/0! | W29: =$E29*W10 -> 0 | X29: =$E29*X10 -> 0 | Y29: =$E29*Y10 -> 0 | Z29: =$E29*Z10 -> 0 | AA29: =$E29*AA10 -> 0 | AB29: =$E29*AB10 -> 0 | AC29: =$E29*AC10 -> 0 | AD29: =$E29*AD10 -> 0 | ... AS29: =$E29*AS10 -> 0 | AT29: =C10 -> 0 | AU29: =($C29/$C$42)*(K10-L10) -> #DIV/0! | AV29: =($C29/$C$42)*L10 -> #DIV/0!
A30: =A11 -> x | B30: =C30*B11 -> 0 | D30: =E30/E$43 -> #DIV/0! | E30: =C30*E11 -> 0 | F30: =$E30*F11 -> 0 | G30: =$E30*G11 -> 0 | H30: =$E30*H11 -> 0 | I30: =$E30*I11 -> 0 | J30: =$E30*J11 -> 0 | K30: =IF(AT30="S",((((I11*K11*100)*0.9465)+4.5798)/100)*E30,IF(AT30="F",I11*K11*E30,0)) -> 0 | L30: =IF(AT30="S",((((I11*L11*100)*1.0083)+0.4502)/100)*E30,IF(AT30="F",I11*L11*E30,0)) -> 0 | M30: =$E30*M11 -> 0 | N30: =$E30*N11 -> 0 | O30: =$E30*O11 -> 0 | P30: =$E30*P11 -> 0 | Q30: =$E30*Q11 -> 0 | R30: =$E30*R11 -> 0 | S30: =$E30*S11 -> 0 | T30: =$E30*T11 -> 0 | U30: =$E30*U11 -> 0 | V30: =(V11/(V11+I$56))*U30 -> #DIV/0! | W30: =$E30*W11 -> 0 | X30: =$E30*X11 -> 0 | Y30: =$E30*Y11 -> 0 | Z30: =$E30*Z11 -> 0 | AA30: =$E30*AA11 -> 0 | AB30: =$E30*AB11 -> 0 | AC30: =$E30*AC11 -> 0 | AD30: =$E30*AD11 -> 0 | ... AS30: =$E30*AS11 -> 0 | AT30: =C11 -> 0 | AU30: =($C30/$C$42)*(K11-L11) -> #DIV/0! | AV30: =($C30/$C$42)*L11 -> #DIV/0!
A31: =A12 -> x | B31: =C31*B12 -> 0 | D31: =E31/E$43 -> #DIV/0! | E31: =C31*E12 -> 0 | F31: =$E31*F12 -> 0 | G31: =$E31*G12 -> 0 | H31: =$E31*H12 -> 0 | I31: =$E31*I12 -> 0 | J31: =$E31*J12 -> 0 | K31: =IF(AT31="S",((((I12*K12*100)*0.9465)+4.5798)/100)*E31,IF(AT31="F",I12*K12*E31,0)) -> 0 | L31: =IF(AT31="S",((((I12*L12*100)*1.0083)+0.4502)/100)*E31,IF(AT31="F",I12*L12*E31,0)) -> 0 | M31: =$E31*M12 -> 0 | N31: =$E31*N12 -> 0 | O31: =$E31*O12 -> 0 | P31: =$E31*P12 -> 0 | Q31: =$E31*Q12 -> 0 | R31: =$E31*R12 -> 0 | S31: =$E31*S12 -> 0 | T31: =$E31*T12 -> 0 | U31: =$E31*U12 -> 0 | V31: =(V12/(V12+I$56))*U31 -> #DIV/0! | W31: =$E31*W12 -> 0 | X31: =$E31*X12 -> 0 | Y31: =$E31*Y12 -> 0 | Z31: =$E31*Z12 -> 0 | AA31: =$E31*AA12 -> 0 | AB31: =$E31*AB12 -> 0 | AC31: =$E31*AC12 -> 0 | AD31: =$E31*AD12 -> 0 | ... AS31: =$E31*AS12 -> 0 | AT31: =C12 -> 0 | AU31: =($C31/$C$42)*(K12-L12) -> #DIV/0! | AV31: =($C31/$C$42)*L12 -> #DIV/0!
A32: =A13 -> x | B32: =C32*B13 -> 0 | D32: =E32/E$43 -> #DIV/0! | E32: =C32*E13 -> 0 | F32: =$E32*F13 -> 0 | G32: =$E32*G13 -> 0 | H32: =$E32*H13 -> 0 | I32: =$E32*I13 -> 0 | J32: =$E32*J13 -> 0 | K32: =IF(AT32="S",((((I13*K13*100)*0.9465)+4.5798)/100)*E32,IF(AT32="F",I13*K13*E32,0)) -> 0 | L32: =IF(AT32="S",((((I13*L13*100)*1.0083)+0.4502)/100)*E32,IF(AT32="F",I13*L13*E32,0)) -> 0 | M32: =$E32*M13 -> 0 | N32: =$E32*N13 -> 0 | O32: =$E32*O13 -> 0 | P32: =$E32*P13 -> 0 | Q32: =$E32*Q13 -> 0 | R32: =$E32*R13 -> 0 | S32: =$E32*S13 -> 0 | T32: =$E32*T13 -> 0 | U32: =$E32*U13 -> 0 | V32: =(V13/(V13+I$56))*U32 -> #DIV/0! | W32: =$E32*W13 -> 0 | X32: =$E32*X13 -> 0 | Y32: =$E32*Y13 -> 0 | Z32: =$E32*Z13 -> 0 | AA32: =$E32*AA13 -> 0 | AB32: =$E32*AB13 -> 0 | AC32: =$E32*AC13 -> 0 | AD32: =$E32*AD13 -> 0 | ... AS32: =$E32*AS13 -> 0 | AT32: =C13 -> 0 | AU32: =($C32/$C$42)*(K13-L13) -> #DIV/0! | AV32: =($C32/$C$42)*L13 -> #DIV/0!
A33: =A14 -> x | B33: =C33*B14 -> 0 | D33: =E33/E$43 -> #DIV/0! | E33: =C33*E14 -> 0 | F33: =$E33*F14 -> 0 | G33: =$E33*G14 -> 0 | H33: =$E33*H14 -> 0 | I33: =$E33*I14 -> 0 | J33: =$E33*J14 -> 0 | K33: =IF(AT33="S",((((I14*K14*100)*0.9465)+4.5798)/100)*E33,IF(AT33="F",I14*K14*E33,0)) -> 0 | L33: =IF(AT33="S",((((I14*L14*100)*1.0083)+0.4502)/100)*E33,IF(AT33="F",I14*L14*E33,0)) -> 0 | M33: =$E33*M14 -> 0 | N33: =$E33*N14 -> 0 | O33: =$E33*O14 -> 0 | P33: =$E33*P14 -> 0 | Q33: =$E33*Q14 -> 0 | R33: =$E33*R14 -> 0 | S33: =$E33*S14 -> 0 | T33: =$E33*T14 -> 0 | U33: =$E33*U14 -> 0 | V33: =(V14/(V14+I$56))*U33 -> #DIV/0! | W33: =$E33*W14 -> 0 | X33: =$E33*X14 -> 0 | Y33: =$E33*Y14 -> 0 | Z33: =$E33*Z14 -> 0 | AA33: =$E33*AA14 -> 0 | AB33: =$E33*AB14 -> 0 | AC33: =$E33*AC14 -> 0 | AD33: =$E33*AD14 -> 0 | ... AS33: =$E33*AS14 -> 0 | AT33: =C14 -> 0 | AU33: =($C33/$C$42)*(K14-L14) -> #DIV/0! | AV33: =($C33/$C$42)*L14 -> #DIV/0!
A34: =A15 -> x | B34: =C34*B15 -> 0 | D34: =E34/E$43 -> #DIV/0! | E34: =C34*E15 -> 0 | F34: =$E34*F15 -> 0 | G34: =$E34*G15 -> 0 | H34: =$E34*H15 -> 0 | I34: =$E34*I15 -> 0 | J34: =$E34*J15 -> 0 | K34: =IF(AT34="S",((((I15*K15*100)*0.9465)+4.5798)/100)*E34,IF(AT34="F",I15*K15*E34,0)) -> 0 | L34: =IF(AT34="S",((((I15*L15*100)*1.0083)+0.4502)/100)*E34,IF(AT34="F",I15*L15*E34,0)) -> 0 | M34: =$E34*M15 -> 0 | N34: =$E34*N15 -> 0 | O34: =$E34*O15 -> 0 | P34: =$E34*P15 -> 0 | Q34: =$E34*Q15 -> 0 | R34: =$E34*R15 -> 0 | S34: =$E34*S15 -> 0 | T34: =$E34*T15 -> 0 | U34: =$E34*U15 -> 0 | V34: =(V15/(V15+I$56))*U34 -> #DIV/0! | W34: =$E34*W15 -> 0 | X34: =$E34*X15 -> 0 | Y34: =$E34*Y15 -> 0 | Z34: =$E34*Z15 -> 0 | AA34: =$E34*AA15 -> 0 | AB34: =$E34*AB15 -> 0 | AC34: =$E34*AC15 -> 0 | AD34: =$E34*AD15 -> 0 | ... AS34: =$E34*AS15 -> 0 | AT34: =C15 -> 0 | AU34: =($C34/$C$42)*(K15-L15) -> #DIV/0! | AV34: =($C34/$C$42)*L15 -> #DIV/0!
A35: =A16 -> x | B35: =C35*B16 -> 0 | D35: =E35/E$43 -> #DIV/0! | E35: =C35*E16 -> 0 | F35: =$E35*F16 -> 0 | G35: =$E35*G16 -> 0 | H35: =$E35*H16 -> 0 | I35: =$E35*I16 -> 0 | J35: =$E35*J16 -> 0 | K35: =IF(AT35="S",((((I16*K16*100)*0.9465)+4.5798)/100)*E35,IF(AT35="F",I16*K16*E35,0)) -> 0 | L35: =IF(AT35="S",((((I16*L16*100)*1.0083)+0.4502)/100)*E35,IF(AT35="F",I16*L16*E35,0)) -> 0 | M35: =$E35*M16 -> 0 | N35: =$E35*N16 -> 0 | O35: =$E35*O16 -> 0 | P35: =$E35*P16 -> 0 | Q35: =$E35*Q16 -> 0 | R35: =$E35*R16 -> 0 | S35: =$E35*S16 -> 0 | T35: =$E35*T16 -> 0 | U35: =$E35*U16 -> 0 | V35: =(V16/(V16+I$56))*U35 -> #DIV/0! | W35: =$E35*W16 -> 0 | X35: =$E35*X16 -> 0 | Y35: =$E35*Y16 -> 0 | Z35: =$E35*Z16 -> 0 | AA35: =$E35*AA16 -> 0 | AB35: =$E35*AB16 -> 0 | AC35: =$E35*AC16 -> 0 | AD35: =$E35*AD16 -> 0 | ... AS35: =$E35*AS16 -> 0 | AT35: =C16 -> 0 | AU35: =($C35/$C$42)*(K16-L16) -> #DIV/0! | AV35: =($C35/$C$42)*L16 -> #DIV/0!
A36: =A17 -> x | B36: =C36*B17 -> 0 | D36: =E36/E$43 -> #DIV/0! | E36: =C36*E17 -> 0 | F36: =$E36*F17 -> 0 | G36: =$E36*G17 -> 0 | H36: =$E36*H17 -> 0 | I36: =$E36*I17 -> 0 | J36: =$E36*J17 -> 0 | K36: =IF(AT36="S",((((I17*K17*100)*0.9465)+4.5798)/100)*E36,IF(AT36="F",I17*K17*E36,0)) -> 0 | L36: =IF(AT36="S",((((I17*L17*100)*1.0083)+0.4502)/100)*E36,IF(AT36="F",I17*L17*E36,0)) -> 0 | M36: =$E36*M17 -> 0 | N36: =$E36*N17 -> 0 | O36: =$E36*O17 -> 0 | P36: =$E36*P17 -> 0 | Q36: =$E36*Q17 -> 0 | R36: =$E36*R17 -> 0 | S36: =$E36*S17 -> 0 | T36: =$E36*T17 -> 0 | U36: =$E36*U17 -> 0 | V36: =(V17/(V17+I$56))*U36 -> #DIV/0! | W36: =$E36*W17 -> 0 | X36: =$E36*X17 -> 0 | Y36: =$E36*Y17 -> 0 | Z36: =$E36*Z17 -> 0 | AA36: =$E36*AA17 -> 0 | AB36: =$E36*AB17 -> 0 | AC36: =$E36*AC17 -> 0 | AD36: =$E36*AD17 -> 0 | ... AS36: =$E36*AS17 -> 0 | AT36: =C17 -> 0 | AU36: =($C36/$C$42)*(K17-L17) -> #DIV/0! | AV36: =($C36/$C$42)*L17 -> #DIV/0!
... A40: =A21 -> x | B40: =C40*B21 -> 0 | D40: =E40/E$43 -> #DIV/0! | E40: =C40*E21 -> 0 | F40: =$E40*F21 -> 0 | G40: =$E40*G21 -> 0 | H40: =$E40*H21 -> 0 | I40: =$E40*I21 -> 0 | J40: =$E40*J21 -> 0 | K40: =IF(AT40="S",((((I21*K21*100)*0.9465)+4.5798)/100)*E40,IF(AT40="F",I21*K21*E40,0)) -> 0 | L40: =IF(AT40="S",((((I21*L21*100)*1.0083)+0.4502)/100)*E40,IF(AT40="F",I21*L21*E40,0)) -> 0 | M40: =$E40*M21 -> 0 | N40: =$E40*N21 -> 0 | O40: =$E40*O21 -> 0 | P40: =$E40*P21 -> 0 | Q40: =$E40*Q21 -> 0 | R40: =$E40*R21 -> 0 | S40: =$E40*S21 -> 0 | T40: =$E40*T21 -> 0 | U40: =$E40*U21 -> 0 | V40: =(V21/(V21+I$56))*U40 -> #DIV/0! | W40: =$E40*W21 -> 0 | X40: =$E40*X21 -> 0 | Y40: =$E40*Y21 -> 0 | Z40: =$E40*Z21 -> 0 | AA40: =$E40*AA21 -> 0 | AB40: =$E40*AB21 -> 0 | AC40: =$E40*AC21 -> 0 | AD40: =$E40*AD21 -> 0 | ... AS40: =$E40*AS21 -> 0 | AT40: =C21 -> 0 | AU40: =($C40/$C$42)*(K21-L21) -> #DIV/0! | AV40: =($C40/$C$42)*L21 -> #DIV/0!
A42: Total | C42: =SUM(C25:C40) -> 0 | D42: =SUM(D25:D40) -> #DIV/0! | E42: =E43/C42 -> #DIV/0! | F42: =SUM(F25:F40) -> 0 | G42: =SUM(G25:G40) -> 0 | H42: =SUM(H25:H40) -> 0 | I42: =SUM(I25:I40) -> 0 | J42: =SUM(J25:J40) -> 0 | K42: =SUM(K25:K40) -> 0 | L42: =SUM(L25:L40) -> 0 | M42: =SUM(M25:M40) -> 0 | ... AS42: =SUM(AS25:AS40) -> 0
A43: Matéria Seca Dieta | E43: =SUM(E25:E40) -> 0 | F43: =F42/$E43 -> #DIV/0! | G43: =G42/$E43 -> #DIV/0! | H43: =H42/$E43 -> #DIV/0! | I43: =I42/$E43 -> #DIV/0! | J43: =J42/$E43 -> #DIV/0! | K43: =K42/$E43 -> #DIV/0! | L43: =L42/$E43 -> #DIV/0! | M43: =M42/$E43 -> #DIV/0! | ... AO43: =AO42/$E43 -> #DIV/0! | AP43: =AP42 -> 0 | AQ43: =AQ42 -> 0 | AR43: =AR42 -> 0 | AS43: =AS42 -> 0
A45: Exigência Nutricional (Referência) | E45: =(3.7+(C2*5.7)+(0.305*((0.0929*G2)+(0.0547*H2)+(0.0395*I2))*F2)+0.022*D2+(-0.689-1.87*C2)*B2)*(1-(0.212+C2*0.136)*EXP(-0.053*E2)) -> 2.9156 | F45: 18-19% | G45: 10-11% | H45: >7% | J45: >= 20% | K45: 17 a 18% | M45: >= 19% | Q45: <= 3% | R45: <= 2% | T45: 35-40% | U45: 22 a 25% | V45: 0.15 | Y45: 0,8 a 1,0% | Z45: 0,35 - 0,40% | AA45: 0,30-0,40% | AB45: 0,90 - 1,0% | AC45: 0,20 - 0,25% | AD45: 0.0022 | AE45: 0,25 - 0,30% | AF45: 0.2 | AG45: 15 - 20 | AH45: 40 - 60 | AI45: 60 - 80 | AJ45: 0,5 - 0,6 | AK45: 0.5 | AL45: 15 | AM45: 4500 | AN45: 2500 | AO45: 40 a 50 | AP45: 20-25 | AQ45: 250-300 | AR45: 5 | AS45: 1 a 2 x 10^10
A47: Leite R$ | J47: Referência
A48: Custo Alimentar R$/d: | B48: =SUM(B25:B40) -> 0 | H48: FDNF/kg PV | I48: =M42/D2 -> #DIV/0! | J48: < 0,9%
A49: Custo Alimentar/Litro: | B49: =B48/F2 -> #DIV/0! | H49: % Forragem na MS da dieta | I49: =(SUMIF(AT$25:AT$40,"F",E$25:E$40)+SUMIF(AT$25:AT$40,"S",E$25:E$40))/E$43 -> #DIV/0! | J49: 40-60%
A50: Custo Alimentar R$/kg MS: | B50: =B48/E43 -> #DIV/0! | H50: FDN>8/Amido Deg | I50: =K43/V43 -> #DIV/0! | J50: >= 1
A51: Lucro/Custo Alimentar | B51: =(F2*B47)-B48 -> 0 | H51: Partículas acima de 8 mm, % MN | I51: =SUM(G72:G73) -> 0 | J51: <= 50%
H52: Lis/Met | I52: =X42/W42 -> #DIV/0! | J52: 3
H53: Ca / P | I53: =Y42/Z42 -> #DIV/0! | J53: 2:1 a 6:1
H54: DCAD mEq/kg DM | I54: =(((AD43/23)+(AB43/39))-((AE43/35)+(AC43/32*2)))*1000000 -> #DIV/0! | J54: >150
H55: Taxa passagem forragem (kP F) | I55: =(2.365+(0.214*((SUMIF(AT25:AT40,"F",E25:E40)+SUMIF(AT25:AT40,"S",E25:E40))/D2*100))+(0.734*(SUMIF(AT25:AT40,"C",E25:E40)/D2*100)+(0.069*(SUMIF(AT25:AT40,"S",E25:E40)+SUMIF(AT25:AT40,"F",E25:E40)))))/100 -> #DIV/0!
H56: Taxa passagem de concentrado (kP C) | I56: =(1.169+(1.375*(SUMIF(AT25:AT40,"F",E25:E40)+SUMIF(AT25:AT40,"S",E25:E40))/D2*100)+(1.721*SUMIF(AT25:AT40,"C",E25:E40)/D2*100))/100 -> #DIV/0!
H57: Taxa de passagem de líquido (kP L) | I57: =(4.524+(0.223*(SUMIF(AT25:AT40,"F",E25:E40)+SUMIF(AT25:AT40,"S",E25:E40))/D2*100)+(2.046*SUMIF(AT25:AT40,"C",E25:E40)/D2*100)+(0.344*(SUMIF(AT25:AT40,"F",E25:E40)+SUMIF(AT25:AT40,"S",E25:E40))))/100 -> #DIV/0!
C60: 1 | D60: 2 | E60: 3 | F60: 4 | G60: 5 | H60: 6
C61: kg | D61: kg | E61: kg | F61: kg | G61: kg | H61: kg
B62: >19
B63: >8-19
B64: <8
C65: % | D65: % | H65: % | I65: CV | J65: Meta
B66: >19 | C66: =C62/SUM(C$62:C$64) -> #DIV/0! | D66: =D62/SUM(D$62:D$64) -> #DIV/0! | E66: =E62/SUM(E$62:E$64) -> #DIV/0! | F66: =F62/SUM(F$62:F$64) -> #DIV/0! | G66: =G62/SUM(G$62:G$64) -> #DIV/0! | H66: =H62/SUM(H$62:H$64) -> #DIV/0! | I66: =STDEV(C66:H66)/AVERAGE(C66:H66) -> #DIV/0! | J66: <15%
B67: >8-19 | C67: =C63/SUM(C$62:C$64) -> #DIV/0! | D67: =D63/SUM(D$62:D$64) -> #DIV/0! | E67: =E63/SUM(E$62:E$64) -> #DIV/0! | F67: =F63/SUM(F$62:F$64) -> #DIV/0! | G67: =G63/SUM(G$62:G$64) -> #DIV/0! | H67: =H63/SUM(H$62:H$64) -> #DIV/0! | I67: =STDEV(C67:H67)/AVERAGE(C67:H67) -> #DIV/0! | J67: <5%
B68: <8 | C68: =C64/SUM(C$62:C$64) -> #DIV/0! | D68: =D64/SUM(D$62:D$64) -> #DIV/0! | E68: =E64/SUM(E$62:E$64) -> #DIV/0! | F68: =F64/SUM(F$62:F$64) -> #DIV/0! | G68: =G64/SUM(G$62:G$64) -> #DIV/0! | H68: =H64/SUM(H$62:H$64) -> #DIV/0! | I68: =STDEV(C68:H68)/AVERAGE(C68:H68) -> #DIV/0! | J68: <5%
E71: Partículas, % MN | F71: Real | G71: Predito
E72: >19 | F72: =IFERROR(AVERAGE(C66:H66),"") | G72: =SUMIF(AT$25:AT$40,"F",AV$25:AV$40)+SUMIF(AT$25:AT$40,"S",AV$25:AV$40) -> 0
E73: >8-19 | F73: =IFERROR(AVERAGE(C67:H67),"") | G73: =SUMIF(AT$25:AT$40,"F",AU$25:AU$40)+SUMIF(AT$25:AT$40,"S",AU$25:AU$40) -> 0
E74: <8 | F74: =IFERROR(AVERAGE(C68:H68),"") | G74: =1-G72-G73 -> 1

Sheet Vaca seca
A1: VACA SECA | C1: Peso médio: | G1: Custo Alimentar, R$/d: | H1: =SUM(B25:B40) -> 0
C2: Dias de gestação | G2: Custo Alimentar R$/kg MS: | H2: =H1/E43 -> #DIV/0!
A4: Unidades | B4: R$/Kg MN | E4: % CO | F4: % MS | G4: % MS | H4: % MS | I4: % MS | J4: % MS | K4: % MN | L4: % MN | M4: % MS | N4: % MS | O4: Mcal/kg | P4: % MS | Q4: % MS | R4: % MS | S4: % MS | T4: % MS | U4: % MS | V4: %/h | W4: % MS | X4: % MS | Y4: % MS | Z4: % MS | AA4: % MS | AB4: % MS | AC4: % MS | AD4: % MS | AE4: % MS | AF4: mg/kg | AG4: mg/kg | AH4: mg/kg | AI4: mg/kg | AJ4: mg/kg | AK4: mg/kg | AL4: mg/kg | AM4: KUI/kg | AN4: KUI/kg | AO4: UI/kg | AP4: mg/kg | AQ4: mg/kg | AR4: mg/kg | AS4: UFC/kg
A5: Alimento | B5: Custo | E5: MS | F5: PB | G5: PDR | H5: PNDR | I5: FDN | J5: eFDN | K5: MN>8 | L5: MN>19 | M5: FDNF | N5: FDA | O5: NEl | P5: NDT | Q5: Oleo | R5: EE Insat | S5: Cinza | T5: CNF | U5: Amido | V5: kd Amido | W5: Met | X5: Lys | Y5: Ca | Z5: P | AA5: Mg | AB5: K | AC5: S | AD5: Na | AE5: Cl | AF5: Co | AG5: Cu | AH5: Mn | AI5: Zn | AJ5: Se | AK5: I | AL5: Fe | AM5: Vit A | AN5: Vit D3 | AO5: Vit E | AP5: Biotina | AQ5: Monensina | AR5: Cr | AS5: Levedura
A6: x | B6: =VLOOKUP($A6,Alimentos!$A:$BA,2,FALSE) -> 0 | C6: =VLOOKUP($A6,Alimentos!$A:$BA,4,FALSE) -> 0 | E6: =VLOOKUP($A6,Alimentos!$A:$BA,5,FALSE) -> 0 | F6: =VLOOKUP($A6,Alimentos!$A:$BA,6,FALSE) -> 0 | G6: =VLOOKUP($A6,Alimentos!$A:$BA,7,FALSE) -> 0 | H6: =VLOOKUP($A6,Alimentos!$A:$BA,8,FALSE) -> 0 | I6: =VLOOKUP($A6,Alimentos!$A:$BA,9,FALSE) -> 0 | J6: =VLOOKUP($A6,Alimentos!$A:$BA,10,FALSE) -> 0 | K6: =VLOOKUP($A6,Alimentos!$A:$BA,11,FALSE) -> 0 | L6: =VLOOKUP($A6,Alimentos!$A:$BA,12,FALSE) -> 0 | M6: =VLOOKUP($A6,Alimentos!$A:$BA,13,FALSE) -> 0 | N6: =VLOOKUP($A6,Alimentos!$A:$BA,14,FALSE) -> 0 | O6: =VLOOKUP($A6,Alimentos!$A:$BA,15,FALSE) -> 0 | P6: =VLOOKUP($A6,Alimentos!$A:$BA,16,FALSE) -> 0 | Q6: =VLOOKUP($A6,Alimentos!$A:$BA,17,FALSE) -> 0 | R6: =VLOOKUP($A6,Alimentos!$A:$BA,18,FALSE) -> 0 | S6: =VLOOKUP($A6,Alimentos!$A:$BA,19,FALSE) -> 0 | T6: =VLOOKUP($A6,Alimentos!$A:$BA,20,FALSE) -> 0 | U6: =VLOOKUP($A6,Alimentos!$A:$BA,21,FALSE) -> 0 | V6: =VLOOKUP($A6,Alimentos!$A:$BA,22,FALSE) -> 0 | W6: =VLOOKUP($A6,Alimentos!$A:$BA,23,FALSE) -> 0 | X6: =VLOOKUP($A6,Alimentos!$A:$BA,24,FALSE) -> 0 | Y6: =VLOOKUP($A6,Alimentos!$A:$BA,25,FALSE) -> 0 | Z6: =VLOOKUP($A6,Alimentos!$A:$BA,26,FALSE) -> 0 | AA6: =VLOOKUP($A6,Alimentos!$A:$BA,27,FALSE) -> 0 | AB6: =VLOOKUP($A6,Alimentos!$A:$BA,28,FALSE) -> 0 | AC6: =VLOOKUP($A6,Alimentos!$A:$BA,29,FALSE) -> 0 | AD6: =VLOOKUP($A6,Alimentos!$A:$BA,30,FALSE) -> 0 | AE6: =VLOOKUP($A6,Alimentos!$A:$BA,31,FALSE) -> 0 | AF6: =VLOOKUP($A6,Alimentos!$A:$BA,32,FALSE) -> 0 | AG6: =VLOOKUP($A6,Alimentos!$A:$BA,33,FALSE) -> 0 | AH6: =VLOOKUP($A6,Alimentos!$A:$BA,34,FALSE) -> 0 | AI6: =VLOOKUP($A6,Alimentos!$A:$BA,35,FALSE) -> 0 | AJ6: =VLOOKUP($A6,Alimentos!$A:$BA,36,FALSE) -> 0 | AK6: =VLOOKUP($A6,Alimentos!$A:$BA,37,FALSE) -> 0 | AL6: =VLOOKUP($A6,Alimentos!$A:$BA,38,FALSE) -> 0 | AM6: =VLOOKUP($A6,Alimentos!$A:$BA,39,FALSE) -> 0 | AN6: =VLOOKUP($A6,Alimentos!$A:$BA,40,FALSE) -> 0 | AO6: =VLOOKUP($A6,Alimentos!$A:$BA,41,FALSE) -> 0 | AP6: =VLOOKUP($A6,Alimentos!$A:$BA,42,FALSE) -> 0 | AQ6: =VLOOKUP($A6,Alimentos!$A:$BA,43,FALSE) -> 0 | AR6: =VLOOKUP($A6,Alimentos!$A:$BA,44,FALSE) -> 0 | AS6: =VLOOKUP($A6,Alimentos!$A:$BA,45,FALSE) -> 0
A7: x | B7: =VLOOKUP($A7,Alimentos!$A:$BA,2,FALSE) -> 0 | C7: =VLOOKUP($A7,Alimentos!$A:$BA,4,FALSE) -> 0 | E7: =VLOOKUP($A7,Alimentos!$A:$BA,5,FALSE) -> 0 | F7: =VLOOKUP($A7,Alimentos!$A:$BA,6,FALSE) -> 0 | G7: =VLOOKUP($A7,Alimentos!$A:$BA,7,FALSE) -> 0 | H7: =VLOOKUP($A7,Alimentos!$A:$BA,8,FALSE) -> 0 | I7: =VLOOKUP($A7,Alimentos!$A:$BA,9,FALSE) -> 0 | J7: =VLOOKUP($A7,Alimentos!$A:$BA,10,FALSE) -> 0 | K7: =VLOOKUP($A7,Alimentos!$A:$BA,11,FALSE) -> 0 | L7: =VLOOKUP($A7,Alimentos!$A:$BA,12,FALSE) -> 0 | M7: =VLOOKUP($A7,Alimentos!$A:$BA,13,FALSE) -> 0 | N7: =VLOOKUP($A7,Alimentos!$A:$BA,14,FALSE) -> 0 | O7: =VLOOKUP($A7,Alimentos!$A:$BA,15,FALSE) -> 0 | P7: =VLOOKUP($A7,Alimentos!$A:$BA,16,FALSE) -> 0 | Q7: =VLOOKUP($A7,Alimentos!$A:$BA,17,FALSE) -> 0 | R7: =VLOOKUP($A7,Alimentos!$A:$BA,18,FALSE) -> 0 | S7: =VLOOKUP($A7,Alimentos!$A:$BA,19,FALSE) -> 0 | T7: =VLOOKUP($A7,Alimentos!$A:$BA,20,FALSE) -> 0 | U7: =VLOOKUP($A7,Alimentos!$A:$BA,21,FALSE) -> 0 | V7: =VLOOKUP($A7,Alimentos!$A:$BA,22,FALSE) -> 0 | W7: =VLOOKUP($A7,Alimentos!$A:$BA,23,FALSE) -> 0 | X7: =VLOOKUP($A7,Alimentos!$A:$BA,24,FALSE) -> 0 | Y7: =VLOOKUP($A7,Alimentos!$A:$BA,25,FALSE) -> 0 | Z7: =VLOOKUP($A7,Alimentos!$A:$BA,26,FALSE) -> 0 | AA7: =VLOOKUP($A7,Alimentos!$A:$BA,27,FALSE) -> 0 | AB7: =VLOOKUP($A7,Alimentos!$A:$BA,28,FALSE) -> 0 | AC7: =VLOOKUP($A7,Alimentos!$A:$BA,29,FALSE) -> 0 | AD7: =VLOOKUP($A7,Alimentos!$A:$BA,30,FALSE) -> 0 | AE7: =VLOOKUP($A7,Alimentos!$A:$BA,31,FALSE) -> 0 | AF7: =VLOOKUP($A7,Alimentos!$A:$BA,32,FALSE) -> 0 | AG7: =VLOOKUP($A7,Alimentos!$A:$BA,33,FALSE) -> 0 | AH7: =VLOOKUP($A7,Alimentos!$A:$BA,34,FALSE) -> 0 | AI7: =VLOOKUP($A7,Alimentos!$A:$BA,35,FALSE) -> 0 | AJ7: =VLOOKUP($A7,Alimentos!$A:$BA,36,FALSE) -> 0 | AK7: =VLOOKUP($A7,Alimentos!$A:$BA,37,FALSE) -> 0 | AL7: =VLOOKUP($A7,Alimentos!$A:$BA,38,FALSE) -> 0 | AM7: =VLOOKUP($A7,Alimentos!$A:$BA,39,FALSE) -> 0 | AN7: =VLOOKUP($A7,Alimentos!$A:$BA,40,FALSE) -> 0 | AO7: =VLOOKUP($A7,Alimentos!$A:$BA,41,FALSE) -> 0 | AP7: =VLOOKUP($A7,Alimentos!$A:$BA,42,FALSE) -> 0 | AQ7: =VLOOKUP($A7,Alimentos!$A:$BA,43,FALSE) -> 0 | AR7: =VLOOKUP($A7,Alimentos!$A:$BA,44,FALSE) -> 0 | AS7: =VLOOKUP($A7,Alimentos!$A:$BA,45,FALSE) -> 0
A8: x | B8: =VLOOKUP($A8,Alimentos!$A:$BA,2,FALSE) -> 0 | C8: =VLOOKUP($A8,Alimentos!$A:$BA,4,FALSE) -> 0 | E8: =VLOOKUP($A8,Alimentos!$A:$BA,5,FALSE) -> 0 | F8: =VLOOKUP($A8,Alimentos!$A:$BA,6,FALSE) -> 0 | G8: =VLOOKUP($A8,Alimentos!$A:$BA,7,FALSE) -> 0 | H8: =VLOOKUP($A8,Alimentos!$A:$BA,8,FALSE) -> 0 | I8: =VLOOKUP($A8,Alimentos!$A:$BA,9,FALSE) -> 0 | J8: =VLOOKUP($A8,Alimentos!$A:$BA,10,FALSE) -> 0 | K8: =VLOOKUP($A8,Alimentos!$A:$BA,11,FALSE) -> 0 | L8: =VLOOKUP($A8,Alimentos!$A:$BA,12,FALSE) -> 0 | M8: =VLOOKUP($A8,Alimentos!$A:$BA,13,FALSE) -> 0 | N8: =VLOOKUP($A8,Alimentos!$A:$BA,14,FALSE) -> 0 | O8: =VLOOKUP($A8,Alimentos!$A:$BA,15,FALSE) -> 0 | P8: =VLOOKUP($A8,Alimentos!$A:$BA,16,FALSE) -> 0 | Q8: =VLOOKUP($A8,Alimentos!$A:$BA,17,FALSE) -> 0 | R8: =VLOOKUP($A8,Alimentos!$A:$BA,18,FALSE) -> 0 | S8: =VLOOKUP($A8,Alimentos!$A:$BA,19,FALSE) -> 0 | T8: =VLOOKUP($A8,Alimentos!$A:$BA,20,FALSE) -> 0 | U8: =VLOOKUP($A8,Alimentos!$A:$BA,21,FALSE) -> 0 | V8: =VLOOKUP($A8,Alimentos!$A:$BA,22,FALSE) -> 0 | W8: =VLOOKUP($A8,Alimentos!$A:$BA,23,FALSE) -> 0 | X8: =VLOOKUP($A8,Alimentos!$A:$BA,24,FALSE) -> 0 | Y8: =VLOOKUP($A8,Alimentos!$A:$BA,25,FALSE) -> 0 | Z8: =VLOOKUP($A8,Alimentos!$A:$BA,26,FALSE) -> 0 | AA8: =VLOOKUP($A8,Alimentos!$A:$BA,27,FALSE) -> 0 | AB8: =VLOOKUP($A8,Alimentos!$A:$BA,28,FALSE) -> 0 | AC8: =VLOOKUP($A8,Alimentos!$A:$BA,29,FALSE) -> 0 | AD8: =VLOOKUP($A8,Alimentos!$A:$BA,30,FALSE) -> 0 | AE8: =VLOOKUP($A8,Alimentos!$A:$BA,31,FALSE) -> 0 | AF8: =VLOOKUP($A8,Alimentos!$A:$BA,32,FALSE) -> 0 | AG8: =VLOOKUP($A8,Alimentos!$A:$BA,33,FALSE) -> 0 | AH8: =VLOOKUP($A8,Alimentos!$A:$BA,34,FALSE) -> 0 | AI8: =VLOOKUP($A8,Alimentos!$A:$BA,35,FALSE) -> 0 | AJ8: =VLOOKUP($A8,Alimentos!$A:$BA,36,FALSE) -> 0 | AK8: =VLOOKUP($A8,Alimentos!$A:$BA,37,FALSE) -> 0 | AL8: =VLOOKUP($A8,Alimentos!$A:$BA,38,FALSE) -> 0 | AM8: =VLOOKUP($A8,Alimentos!$A:$BA,39,FALSE) -> 0 | AN8: =VLOOKUP($A8,Alimentos!$A:$BA,40,FALSE) -> 0 | AO8: =VLOOKUP($A8,Alimentos!$A:$BA,41,FALSE) -> 0 | AP8: =VLOOKUP($A8,Alimentos!$A:$BA,42,FALSE) -> 0 | AQ8: =VLOOKUP($A8,Alimentos!$A:$BA,43,FALSE) -> 0 | AR8: =VLOOKUP($A8,Alimentos!$A:$BA,44,FALSE) -> 0 | AS8: =VLOOKUP($A8,Alimentos!$A:$BA,45,FALSE) -> 0
A9: x | B9: =VLOOKUP($A9,Alimentos!$A:$BA,2,FALSE) -> 0 | C9: =VLOOKUP($A9,Alimentos!$A:$BA,4,FALSE) -> 0 | E9: =VLOOKUP($A9,Alimentos!$A:$BA,5,FALSE) -> 0 | F9: =VLOOKUP($A9,Alimentos!$A:$BA,6,FALSE) -> 0 | G9: =VLOOKUP($A9,Alimentos!$A:$BA,7,FALSE) -> 0 | H9: =VLOOKUP($A9,Alimentos!$A:$BA,8,FALSE) -> 0 | I9: =VLOOKUP($A9,Alimentos!$A:$BA,9,FALSE) -> 0 | J9: =VLOOKUP($A9,Alimentos!$A:$BA,10,FALSE) -> 0 | K9: =VLOOKUP($A9,Alimentos!$A:$BA,11,FALSE) -> 0 | L9: =VLOOKUP($A9,Alimentos!$A:$BA,12,FALSE) -> 0 | M9: =VLOOKUP($A9,Alimentos!$A:$BA,13,FALSE) -> 0 | N9: =VLOOKUP($A9,Alimentos!$A:$BA,14,FALSE) -> 0 | O9: =VLOOKUP($A9,Alimentos!$A:$BA,15,FALSE) -> 0 | P9: =VLOOKUP($A9,Alimentos!$A:$BA,16,FALSE) -> 0 | Q9: =VLOOKUP($A9,Alimentos!$A:$BA,17,FALSE) -> 0 | R9: =VLOOKUP($A9,Alimentos!$A:$BA,18,FALSE) -> 0 | S9: =VLOOKUP($A9,Alimentos!$A:$BA,19,FALSE) -> 0 | T9: =VLOOKUP($A9,Alimentos!$A:$BA,20,FALSE) -> 0 | U9: =VLOOKUP($A9,Alimentos!$A:$BA,21,FALSE) -> 0 | V9: =VLOOKUP($A9,Alimentos!$A:$BA,22,FALSE) -> 0 | W9: =VLOOKUP($A9,Alimentos!$A:$BA,23,FALSE) -> 0 | X9: =VLOOKUP($A9,Alimentos!$A:$BA,24,FALSE) -> 0 | Y9: =VLOOKUP($A9,Alimentos!$A:$BA,25,FALSE) -> 0 | Z9: =VLOOKUP($A9,Alimentos!$A:$BA,26,FALSE) -> 0 | AA9: =VLOOKUP($A9,Alimentos!$A:$BA,27,FALSE) -> 0 | AB9: =VLOOKUP($A9,Alimentos!$A:$BA,28,FALSE) -> 0 | AC9: =VLOOKUP($A9,Alimentos!$A:$BA,29,FALSE) -> 0 | AD9: =VLOOKUP($A9,Alimentos!$A:$BA,30,FALSE) -> 0 | AE9: =VLOOKUP($A9,Alimentos!$A:$BA,31,FALSE) -> 0 | AF9: =VLOOKUP($A9,Alimentos!$A:$BA,32,FALSE) -> 0 | AG9: =VLOOKUP($A9,Alimentos!$A:$BA,33,FALSE) -> 0 | AH9: =VLOOKUP($A9,Alimentos!$A:$BA,34,FALSE) -> 0 | AI9: =VLOOKUP($A9,Alimentos!$A:$BA,35,FALSE) -> 0 | AJ9: =VLOOKUP($A9,Alimentos!$A:$BA,36,FALSE) -> 0 | AK9: =VLOOKUP($A9,Alimentos!$A:$BA,37,FALSE) -> 0 | AL9: =VLOOKUP($A9,Alimentos!$A:$BA,38,FALSE) -> 0 | AM9: =VLOOKUP($A9,Alimentos!$A:$BA,39,FALSE) -> 0 | AN9: =VLOOKUP($A9,Alimentos!$A:$BA,40,FALSE) -> 0 | AO9: =VLOOKUP($A9,Alimentos!$A:$BA,41,FALSE) -> 0 | AP9: =VLOOKUP($A9,Alimentos!$A:$BA,42,FALSE) -> 0 | AQ9: =VLOOKUP($A9,Alimentos!$A:$BA,43,FALSE) -> 0 | AR9: =VLOOKUP($A9,Alimentos!$A:$BA,44,FALSE) -> 0 | AS9: =VLOOKUP($A9,Alimentos!$A:$BA,45,FALSE) -> 0
A10: x | B10: =VLOOKUP($A10,Alimentos!$A:$BA,2,FALSE) -> 0 | C10: =VLOOKUP($A10,Alimentos!$A:$BA,4,FALSE) -> 0 | E10: =VLOOKUP($A10,Alimentos!$A:$BA,5,FALSE) -> 0 | F10: =VLOOKUP($A10,Alimentos!$A:$BA,6,FALSE) -> 0 | G10: =VLOOKUP($A10,Alimentos!$A:$BA,7,FALSE) -> 0 | H10: =VLOOKUP($A10,Alimentos!$A:$BA,8,FALSE) -> 0 | I10: =VLOOKUP($A10,Alimentos!$A:$BA,9,FALSE) -> 0 | J10: =VLOOKUP($A10,Alimentos!$A:$BA,10,FALSE) -> 0 | K10: =VLOOKUP($A10,Alimentos!$A:$BA,11,FALSE) -> 0 | L10: =VLOOKUP($A10,Alimentos!$A:$BA,12,FALSE) -> 0 | M10: =VLOOKUP($A10,Alimentos!$A:$BA,13,FALSE) -> 0 | N10: =VLOOKUP($A10,Alimentos!$A:$BA,14,FALSE) -> 0 | O10: =VLOOKUP($A10,Alimentos!$A:$BA,15,FALSE) -> 0 | P10: =VLOOKUP($A10,Alimentos!$A:$BA,16,FALSE) -> 0 | Q10: =VLOOKUP($A10,Alimentos!$A:$BA,17,FALSE) -> 0 | R10: =VLOOKUP($A10,Alimentos!$A:$BA,18,FALSE) -> 0 | S10: =VLOOKUP($A10,Alimentos!$A:$BA,19,FALSE) -> 0 | T10: =VLOOKUP($A10,Alimentos!$A:$BA,20,FALSE) -> 0 | U10: =VLOOKUP($A10,Alimentos!$A:$BA,21,FALSE) -> 0 | V10: =VLOOKUP($A10,Alimentos!$A:$BA,22,FALSE) -> 0 | W10: =VLOOKUP($A10,Alimentos!$A:$BA,23,FALSE) -> 0 | X10: =VLOOKUP($A10,Alimentos!$A:$BA,24,FALSE) -> 0 | Y10: =VLOOKUP($A10,Alimentos!$A:$BA,25,FALSE) -> 0 | Z10: =VLOOKUP($A10,Alimentos!$A:$BA,26,FALSE) -> 0 | AA10: =VLOOKUP($A10,Alimentos!$A:$BA,27,FALSE) -> 0 | AB10: =VLOOKUP($A10,Alimentos!$A:$BA,28,FALSE) -> 0 | AC10: =VLOOKUP($A10,Alimentos!$A:$BA,29,FALSE) -> 0 | AD10: =VLOOKUP($A10,Alimentos!$A:$BA,30,FALSE) -> 0 | AE10: =VLOOKUP($A10,Alimentos!$A:$BA,31,FALSE) -> 0 | AF10: =VLOOKUP($A10,Alimentos!$A:$BA,32,FALSE) -> 0 | AG10: =VLOOKUP($A10,Alimentos!$A:$BA,33,FALSE) -> 0 | AH10: =VLOOKUP($A10,Alimentos!$A:$BA,34,FALSE) -> 0 | AI10: =VLOOKUP($A10,Alimentos!$A:$BA,35,FALSE) -> 0 | AJ10: =VLOOKUP($A10,Alimentos!$A:$BA,36,FALSE) -> 0 | AK10: =VLOOKUP($A10,Alimentos!$A:$BA,37,FALSE) -> 0 | AL10: =VLOOKUP($A10,Alimentos!$A:$BA,38,FALSE) -> 0 | AM10: =VLOOKUP($A10,Alimentos!$A:$BA,39,FALSE) -> 0 | AN10: =VLOOKUP($A10,Alimentos!$A:$BA,40,FALSE) -> 0 | AO10: =VLOOKUP($A10,Alimentos!$A:$BA,41,FALSE) -> 0 | AP10: =VLOOKUP($A10,Alimentos!$A:$BA,42,FALSE) -> 0 | AQ10: =VLOOKUP($A10,Alimentos!$A:$BA,43,FALSE) -> 0 | AR10: =VLOOKUP($A10,Alimentos!$A:$BA,44,FALSE) -> 0 | AS10: =VLOOKUP($A10,Alimentos!$A:$BA,45,FALSE) -> 0
A11: x | B11: =VLOOKUP($A11,Alimentos!$A:$BA,2,FALSE) -> 0 | C11: =VLOOKUP($A11,Alimentos!$A:$BA,4,FALSE) -> 0 | E11: =VLOOKUP($A11,Alimentos!$A:$BA,5,FALSE) -> 0 | F11: =VLOOKUP($A11,Alimentos!$A:$BA,6,FALSE) -> 0 | G11: =VLOOKUP($A11,Alimentos!$A:$BA,7,FALSE) -> 0 | H11: =VLOOKUP($A11,Alimentos!$A:$BA,8,FALSE) -> 0 | I11: =VLOOKUP($A11,Alimentos!$A:$BA,9,FALSE) -> 0 | J11: =VLOOKUP($A11,Alimentos!$A:$BA,10,FALSE) -> 0 | K11: =VLOOKUP($A11,Alimentos!$A:$BA,11,FALSE) -> 0 | L11: =VLOOKUP($A11,Alimentos!$A:$BA,12,FALSE) -> 0 | M11: =VLOOKUP($A11,Alimentos!$A:$BA,13,FALSE) -> 0 | N11: =VLOOKUP($A11,Alimentos!$A:$BA,14,FALSE) -> 0 | O11: =VLOOKUP($A11,Alimentos!$A:$BA,15,FALSE) -> 0 | P11: =VLOOKUP($A11,Alimentos!$A:$BA,16,FALSE) -> 0 | Q11: =VLOOKUP($A11,Alimentos!$A:$BA,17,FALSE) -> 0 | R11: =VLOOKUP($A11,Alimentos!$A:$BA,18,FALSE) -> 0 | S11: =VLOOKUP($A11,Alimentos!$A:$BA,19,FALSE) -> 0 | T11: =VLOOKUP($A11,Alimentos!$A:$BA,20,FALSE) -> 0 | U11: =VLOOKUP($A11,Alimentos!$A:$BA,21,FALSE) -> 0 | V11: =VLOOKUP($A11,Alimentos!$A:$BA,22,FALSE) -> 0 | W11: =VLOOKUP($A11,Alimentos!$A:$BA,23,FALSE) -> 0 | X11: =VLOOKUP($A11,Alimentos!$A:$BA,24,FALSE) -> 0 | Y11: =VLOOKUP($A11,Alimentos!$A:$BA,25,FALSE) -> 0 | Z11: =VLOOKUP($A11,Alimentos!$A:$BA,26,FALSE) -> 0 | AA11: =VLOOKUP($A11,Alimentos!$A:$BA,27,FALSE) -> 0 | AB11: =VLOOKUP($A11,Alimentos!$A:$BA,28,FALSE) -> 0 | AC11: =VLOOKUP($A11,Alimentos!$A:$BA,29,FALSE) -> 0 | AD11: =VLOOKUP($A11,Alimentos!$A:$BA,30,FALSE) -> 0 | AE11: =VLOOKUP($A11,Alimentos!$A:$BA,31,FALSE) -> 0 | AF11: =VLOOKUP($A11,Alimentos!$A:$BA,32,FALSE) -> 0 | AG11: =VLOOKUP($A11,Alimentos!$A:$BA,33,FALSE) -> 0 | AH11: =VLOOKUP($A11,Alimentos!$A:$BA,34,FALSE) -> 0 | AI11: =VLOOKUP($A11,Alimentos!$A:$BA,35,FALSE) -> 0 | AJ11: =VLOOKUP($A11,Alimentos!$A:$BA,36,FALSE) -> 0 | AK11: =VLOOKUP($A11,Alimentos!$A:$BA,37,FALSE) -> 0 | AL11: =VLOOKUP($A11,Alimentos!$A:$BA,38,FALSE) -> 0 | AM11: =VLOOKUP($A11,Alimentos!$A:$BA,39,FALSE) -> 0 | AN11: =VLOOKUP($A11,Alimentos!$A:$BA,40,FALSE) -> 0 | AO11: =VLOOKUP($A11,Alimentos!$A:$BA,41,FALSE) -> 0 | AP11: =VLOOKUP($A11,Alimentos!$A:$BA,42,FALSE) -> 0 | AQ11: =VLOOKUP($A11,Alimentos!$A:$BA,43,FALSE) -> 0 | AR11: =VLOOKUP($A11,Alimentos!$A:$BA,44,FALSE) -> 0 | AS11: =VLOOKUP($A11,Alimentos!$A:$BA,45,FALSE) -> 0
A12: x | B12: =VLOOKUP($A12,Alimentos!$A:$BA,2,FALSE) -> 0 | C12: =VLOOKUP($A12,Alimentos!$A:$BA,4,FALSE) -> 0 | E12: =VLOOKUP($A12,Alimentos!$A:$BA,5,FALSE) -> 0 | F12: =VLOOKUP($A12,Alimentos!$A:$BA,6,FALSE) -> 0 | G12: =VLOOKUP($A12,Alimentos!$A:$BA,7,FALSE) -> 0 | H12: =VLOOKUP($A12,Alimentos!$A:$BA,8,FALSE) -> 0 | I12: =VLOOKUP($A12,Alimentos!$A:$BA,9,FALSE) -> 0 | J12: =VLOOKUP($A12,Alimentos!$A:$BA,10,FALSE) -> 0 | K12: =VLOOKUP($A12,Alimentos!$A:$BA,11,FALSE) -> 0 | L12: =VLOOKUP($A12,Alimentos!$A:$BA,12,FALSE) -> 0 | M12: =VLOOKUP($A12,Alimentos!$A:$BA,13,FALSE) -> 0 | N12: =VLOOKUP($A12,Alimentos!$A:$BA,14,FALSE) -> 0 | O12: =VLOOKUP($A12,Alimentos!$A:$BA,15,FALSE) -> 0 | P12: =VLOOKUP($A12,Alimentos!$A:$BA,16,FALSE) -> 0 | Q12: =VLOOKUP($A12,Alimentos!$A:$BA,17,FALSE) -> 0 | R12: =VLOOKUP($A12,Alimentos!$A:$BA,18,FALSE) -> 0 | S12: =VLOOKUP($A12,Alimentos!$A:$BA,19,FALSE) -> 0 | T12: =VLOOKUP($A12,Alimentos!$A:$BA,20,FALSE) -> 0 | U12: =VLOOKUP($A12,Alimentos!$A:$BA,21,FALSE) -> 0 | V12: =VLOOKUP($A12,Alimentos!$A:$BA,22,FALSE) -> 0 | W12: =VLOOKUP($A12,Alimentos!$A:$BA,23,FALSE) -> 0 | X12: =VLOOKUP($A12,Alimentos!$A:$BA,24,FALSE) -> 0 | Y12: =VLOOKUP($A12,Alimentos!$A:$BA,25,FALSE) -> 0 | Z12: =VLOOKUP($A12,Alimentos!$A:$BA,26,FALSE) -> 0 | AA12: =VLOOKUP($A12,Alimentos!$A:$BA,27,FALSE) -> 0 | AB12: =VLOOKUP($A12,Alimentos!$A:$BA,28,FALSE) -> 0 | AC12: =VLOOKUP($A12,Alimentos!$A:$BA,29,FALSE) -> 0 | AD12: =VLOOKUP($A12,Alimentos!$A:$BA,30,FALSE) -> 0 | AE12: =VLOOKUP($A12,Alimentos!$A:$BA,31,FALSE) -> 0 | AF12: =VLOOKUP($A12,Alimentos!$A:$BA,32,FALSE) -> 0 | AG12: =VLOOKUP($A12,Alimentos!$A:$BA,33,FALSE) -> 0 | AH12: =VLOOKUP($A12,Alimentos!$A:$BA,34,FALSE) -> 0 | AI12: =VLOOKUP($A12,Alimentos!$A:$BA,35,FALSE) -> 0 | AJ12: =VLOOKUP($A12,Alimentos!$A:$BA,36,FALSE) -> 0 | AK12: =VLOOKUP($A12,Alimentos!$A:$BA,37,FALSE) -> 0 | AL12: =VLOOKUP($A12,Alimentos!$A:$BA,38,FALSE) -> 0 | AM12: =VLOOKUP($A12,Alimentos!$A:$BA,39,FALSE) -> 0 | AN12: =VLOOKUP($A12,Alimentos!$A:$BA,40,FALSE) -> 0 | AO12: =VLOOKUP($A12,Alimentos!$A:$BA,41,FALSE) -> 0 | AP12: =VLOOKUP($A12,Alimentos!$A:$BA,42,FALSE) -> 0 | AQ12: =VLOOKUP($A12,Alimentos!$A:$BA,43,FALSE) -> 0 | AR12: =VLOOKUP($A12,Alimentos!$A:$BA,44,FALSE) -> 0 | AS12: =VLOOKUP($A12,Alimentos!$A:$BA,45,FALSE) -> 0
A13: x | B13: =VLOOKUP($A13,Alimentos!$A:$BA,2,FALSE) -> 0 | C13: =VLOOKUP($A13,Alimentos!$A:$BA,4,FALSE) -> 0 | E13: =VLOOKUP($A13,Alimentos!$A:$BA,5,FALSE) -> 0 | F13: =VLOOKUP($A13,Alimentos!$A:$BA,6,FALSE) -> 0 | G13: =VLOOKUP($A13,Alimentos!$A:$BA,7,FALSE) -> 0 | H13: =VLOOKUP($A13,Alimentos!$A:$BA,8,FALSE) -> 0 | I13: =VLOOKUP($A13,Alimentos!$A:$BA,9,FALSE) -> 0 | J13: =VLOOKUP($A13,Alimentos!$A:$BA,10,FALSE) -> 0 | K13: =VLOOKUP($A13,Alimentos!$A:$BA,11,FALSE) -> 0 | L13: =VLOOKUP($A13,Alimentos!$A:$BA,12,FALSE) -> 0 | M13: =VLOOKUP($A13,Alimentos!$A:$BA,13,FALSE) -> 0 | N13: =VLOOKUP($A13,Alimentos!$A:$BA,14,FALSE) -> 0 | O13: =VLOOKUP($A13,Alimentos!$A:$BA,15,FALSE) -> 0 | P13: =VLOOKUP($A13,Alimentos!$A:$BA,16,FALSE) -> 0 | Q13: =VLOOKUP($A13,Alimentos!$A:$BA,17,FALSE) -> 0 | R13: =VLOOKUP($A13,Alimentos!$A:$BA,18,FALSE) -> 0 | S13: =VLOOKUP($A13,Alimentos!$A:$BA,19,FALSE) -> 0 | T13: =VLOOKUP($A13,Alimentos!$A:$BA,20,FALSE) -> 0 | U13: =VLOOKUP($A13,Alimentos!$A:$BA,21,FALSE) -> 0 | V13: =VLOOKUP($A13,Alimentos!$A:$BA,22,FALSE) -> 0 | W13: =VLOOKUP($A13,Alimentos!$A:$BA,23,FALSE) -> 0 | X13: =VLOOKUP($A13,Alimentos!$A:$BA,24,FALSE) -> 0 | Y13: =VLOOKUP($A13,Alimentos!$A:$BA,25,FALSE) -> 0 | Z13: =VLOOKUP($A13,Alimentos!$A:$BA,26,FALSE) -> 0 | AA13: =VLOOKUP($A13,Alimentos!$A:$BA,27,FALSE) -> 0 | AB13: =VLOOKUP($A13,Alimentos!$A:$BA,28,FALSE) -> 0 | AC13: =VLOOKUP($A13,Alimentos!$A:$BA,29,FALSE) -> 0 | AD13: =VLOOKUP($A13,Alimentos!$A:$BA,30,FALSE) -> 0 | AE13: =VLOOKUP($A13,Alimentos!$A:$BA,31,FALSE) -> 0 | AF13: =VLOOKUP($A13,Alimentos!$A:$BA,32,FALSE) -> 0 | AG13: =VLOOKUP($A13,Alimentos!$A:$BA,33,FALSE) -> 0 | AH13: =VLOOKUP($A13,Alimentos!$A:$BA,34,FALSE) -> 0 | AI13: =VLOOKUP($A13,Alimentos!$A:$BA,35,FALSE) -> 0 | AJ13: =VLOOKUP($A13,Alimentos!$A:$BA,36,FALSE) -> 0 | AK13: =VLOOKUP($A13,Alimentos!$A:$BA,37,FALSE) -> 0 | AL13: =VLOOKUP($A13,Alimentos!$A:$BA,38,FALSE) -> 0 | AM13: =VLOOKUP($A13,Alimentos!$A:$BA,39,FALSE) -> 0 | AN13: =VLOOKUP($A13,Alimentos!$A:$BA,40,FALSE) -> 0 | AO13: =VLOOKUP($A13,Alimentos!$A:$BA,41,FALSE) -> 0 | AP13: =VLOOKUP($A13,Alimentos!$A:$BA,42,FALSE) -> 0 | AQ13: =VLOOKUP($A13,Alimentos!$A:$BA,43,FALSE) -> 0 | AR13: =VLOOKUP($A13,Alimentos!$A:$BA,44,FALSE) -> 0 | AS13: =VLOOKUP($A13,Alimentos!$A:$BA,45,FALSE) -> 0
A14: x | B14: =VLOOKUP($A14,Alimentos!$A:$BA,2,FALSE) -> 0 | C14: =VLOOKUP($A14,Alimentos!$A:$BA,4,FALSE) -> 0 | E14: =VLOOKUP($A14,Alimentos!$A:$BA,5,FALSE) -> 0 | F14: =VLOOKUP($A14,Alimentos!$A:$BA,6,FALSE) -> 0 | G14: =VLOOKUP($A14,Alimentos!$A:$BA,7,FALSE) -> 0 | H14: =VLOOKUP($A14,Alimentos!$A:$BA,8,FALSE) -> 0 | I14: =VLOOKUP($A14,Alimentos!$A:$BA,9,FALSE) -> 0 | J14: =VLOOKUP($A14,Alimentos!$A:$BA,10,FALSE) -> 0 | K14: =VLOOKUP($A14,Alimentos!$A:$BA,11,FALSE) -> 0 | L14: =VLOOKUP($A14,Alimentos!$A:$BA,12,FALSE) -> 0 | M14: =VLOOKUP($A14,Alimentos!$A:$BA,13,FALSE) -> 0 | N14: =VLOOKUP($A14,Alimentos!$A:$BA,14,FALSE) -> 0 | O14: =VLOOKUP($A14,Alimentos!$A:$BA,15,FALSE) -> 0 | P14: =VLOOKUP($A14,Alimentos!$A:$BA,16,FALSE) -> 0 | Q14: =VLOOKUP($A14,Alimentos!$A:$BA,17,FALSE) -> 0 | R14: =VLOOKUP($A14,Alimentos!$A:$BA,18,FALSE) -> 0 | S14: =VLOOKUP($A14,Alimentos!$A:$BA,19,FALSE) -> 0 | T14: =VLOOKUP($A14,Alimentos!$A:$BA,20,FALSE) -> 0 | U14: =VLOOKUP($A14,Alimentos!$A:$BA,21,FALSE) -> 0 | V14: =VLOOKUP($A14,Alimentos!$A:$BA,22,FALSE) -> 0 | W14: =VLOOKUP($A14,Alimentos!$A:$BA,23,FALSE) -> 0 | X14: =VLOOKUP($A14,Alimentos!$A:$BA,24,FALSE) -> 0 | Y14: =VLOOKUP($A14,Alimentos!$A:$BA,25,FALSE) -> 0 | Z14: =VLOOKUP($A14,Alimentos!$A:$BA,26,FALSE) -> 0 | AA14: =VLOOKUP($A14,Alimentos!$A:$BA,27,FALSE) -> 0 | AB14: =VLOOKUP($A14,Alimentos!$A:$BA,28,FALSE) -> 0 | AC14: =VLOOKUP($A14,Alimentos!$A:$BA,29,FALSE) -> 0 | AD14: =VLOOKUP($A14,Alimentos!$A:$BA,30,FALSE) -> 0 | AE14: =VLOOKUP($A14,Alimentos!$A:$BA,31,FALSE) -> 0 | AF14: =VLOOKUP($A14,Alimentos!$A:$BA,32,FALSE) -> 0 | AG14: =VLOOKUP($A14,Alimentos!$A:$BA,33,FALSE) -> 0 | AH14: =VLOOKUP($A14,Alimentos!$A:$BA,34,FALSE) -> 0 | AI14: =VLOOKUP($A14,Alimentos!$A:$BA,35,FALSE) -> 0 | AJ14: =VLOOKUP($A14,Alimentos!$A:$BA,36,FALSE) -> 0 | AK14: =VLOOKUP($A14,Alimentos!$A:$BA,37,FALSE) -> 0 | AL14: =VLOOKUP($A14,Alimentos!$A:$BA,38,FALSE) -> 0 | AM14: =VLOOKUP($A14,Alimentos!$A:$BA,39,FALSE) -> 0 | AN14: =VLOOKUP($A14,Alimentos!$A:$BA,40,FALSE) -> 0 | AO14: =VLOOKUP($A14,Alimentos!$A:$BA,41,FALSE) -> 0 | AP14: =VLOOKUP($A14,Alimentos!$A:$BA,42,FALSE) -> 0 | AQ14: =VLOOKUP($A14,Alimentos!$A:$BA,43,FALSE) -> 0 | AR14: =VLOOKUP($A14,Alimentos!$A:$BA,44,FALSE) -> 0 | AS14: =VLOOKUP($A14,Alimentos!$A:$BA,45,FALSE) -> 0
A15: x | B15: =VLOOKUP($A15,Alimentos!$A:$BA,2,FALSE) -> 0 | C15: =VLOOKUP($A15,Alimentos!$A:$BA,4,FALSE) -> 0 | E15: =VLOOKUP($A15,Alimentos!$A:$BA,5,FALSE) -> 0 | F15: =VLOOKUP($A15,Alimentos!$A:$BA,6,FALSE) -> 0 | G15: =VLOOKUP($A15,Alimentos!$A:$BA,7,FALSE) -> 0 | H15: =VLOOKUP($A15,Alimentos!$A:$BA,8,FALSE) -> 0 | I15: =VLOOKUP($A15,Alimentos!$A:$BA,9,FALSE) -> 0 | J15: =VLOOKUP($A15,Alimentos!$A:$BA,10,FALSE) -> 0 | K15: =VLOOKUP($A15,Alimentos!$A:$BA,11,FALSE) -> 0 | L15: =VLOOKUP($A15,Alimentos!$A:$BA,12,FALSE) -> 0 | M15: =VLOOKUP($A15,Alimentos!$A:$BA,13,FALSE) -> 0 | N15: =VLOOKUP($A15,Alimentos!$A:$BA,14,FALSE) -> 0 | O15: =VLOOKUP($A15,Alimentos!$A:$BA,15,FALSE) -> 0 | P15: =VLOOKUP($A15,Alimentos!$A:$BA,16,FALSE) -> 0 | Q15: =VLOOKUP($A15,Alimentos!$A:$BA,17,FALSE) -> 0 | R15: =VLOOKUP($A15,Alimentos!$A:$BA,18,FALSE) -> 0 | S15: =VLOOKUP($A15,Alimentos!$A:$BA,19,FALSE) -> 0 | T15: =VLOOKUP($A15,Alimentos!$A:$BA,20,FALSE) -> 0 | U15: =VLOOKUP($A15,Alimentos!$A:$BA,21,FALSE) -> 0 | V15: =VLOOKUP($A15,Alimentos!$A:$BA,22,FALSE) -> 0 | W15: =VLOOKUP($A15,Alimentos!$A:$BA,23,FALSE) -> 0 | X15: =VLOOKUP($A15,Alimentos!$A:$BA,24,FALSE) -> 0 | Y15: =VLOOKUP($A15,Alimentos!$A:$BA,25,FALSE) -> 0 | Z15: =VLOOKUP($A15,Alimentos!$A:$BA,26,FALSE) -> 0 | AA15: =VLOOKUP($A15,Alimentos!$A:$BA,27,FALSE) -> 0 | AB15: =VLOOKUP($A15,Alimentos!$A:$BA,28,FALSE) -> 0 | AC15: =VLOOKUP($A15,Alimentos!$A:$BA,29,FALSE) -> 0 | AD15: =VLOOKUP($A15,Alimentos!$A:$BA,30,FALSE) -> 0 | AE15: =VLOOKUP($A15,Alimentos!$A:$BA,31,FALSE) -> 0 | AF15: =VLOOKUP($A15,Alimentos!$A:$BA,32,FALSE) -> 0 | AG15: =VLOOKUP($A15,Alimentos!$A:$BA,33,FALSE) -> 0 | AH15: =VLOOKUP($A15,Alimentos!$A:$BA,34,FALSE) -> 0 | AI15: =VLOOKUP($A15,Alimentos!$A:$BA,35,FALSE) -> 0 | AJ15: =VLOOKUP($A15,Alimentos!$A:$BA,36,FALSE) -> 0 | AK15: =VLOOKUP($A15,Alimentos!$A:$BA,37,FALSE) -> 0 | AL15: =VLOOKUP($A15,Alimentos!$A:$BA,38,FALSE) -> 0 | AM15: =VLOOKUP($A15,Alimentos!$A:$BA,39,FALSE) -> 0 | AN15: =VLOOKUP($A15,Alimentos!$A:$BA,40,FALSE) -> 0 | AO15: =VLOOKUP($A15,Alimentos!$A:$BA,41,FALSE) -> 0 | AP15: =VLOOKUP($A15,Alimentos!$A:$BA,42,FALSE) -> 0 | AQ15: =VLOOKUP($A15,Alimentos!$A:$BA,43,FALSE) -> 0 | AR15: =VLOOKUP($A15,Alimentos!$A:$BA,44,FALSE) -> 0 | AS15: =VLOOKUP($A15,Alimentos!$A:$BA,45,FALSE) -> 0
A16: x | B16: =VLOOKUP($A16,Alimentos!$A:$BA,2,FALSE) -> 0 | C16: =VLOOKUP($A16,Alimentos!$A:$BA,4,FALSE) -> 0 | E16: =VLOOKUP($A16,Alimentos!$A:$BA,5,FALSE) -> 0 | F16: =VLOOKUP($A16,Alimentos!$A:$BA,6,FALSE) -> 0 | G16: =VLOOKUP($A16,Alimentos!$A:$BA,7,FALSE) -> 0 | H16: =VLOOKUP($A16,Alimentos!$A:$BA,8,FALSE) -> 0 | I16: =VLOOKUP($A16,Alimentos!$A:$BA,9,FALSE) -> 0 | J16: =VLOOKUP($A16,Alimentos!$A:$BA,10,FALSE) -> 0 | K16: =VLOOKUP($A16,Alimentos!$A:$BA,11,FALSE) -> 0 | L16: =VLOOKUP($A16,Alimentos!$A:$BA,12,FALSE) -> 0 | M16: =VLOOKUP($A16,Alimentos!$A:$BA,13,FALSE) -> 0 | N16: =VLOOKUP($A16,Alimentos!$A:$BA,14,FALSE) -> 0 | O16: =VLOOKUP($A16,Alimentos!$A:$BA,15,FALSE) -> 0 | P16: =VLOOKUP($A16,Alimentos!$A:$BA,16,FALSE) -> 0 | Q16: =VLOOKUP($A16,Alimentos!$A:$BA,17,FALSE) -> 0 | R16: =VLOOKUP($A16,Alimentos!$A:$BA,18,FALSE) -> 0 | S16: =VLOOKUP($A16,Alimentos!$A:$BA,19,FALSE) -> 0 | T16: =VLOOKUP($A16,Alimentos!$A:$BA,20,FALSE) -> 0 | U16: =VLOOKUP($A16,Alimentos!$A:$BA,21,FALSE) -> 0 | V16: =VLOOKUP($A16,Alimentos!$A:$BA,22,FALSE) -> 0 | W16: =VLOOKUP($A16,Alimentos!$A:$BA,23,FALSE) -> 0 | X16: =VLOOKUP($A16,Alimentos!$A:$BA,24,FALSE) -> 0 | Y16: =VLOOKUP($A16,Alimentos!$A:$BA,25,FALSE) -> 0 | Z16: =VLOOKUP($A16,Alimentos!$A:$BA,26,FALSE) -> 0 | AA16: =VLOOKUP($A16,Alimentos!$A:$BA,27,FALSE) -> 0 | AB16: =VLOOKUP($A16,Alimentos!$A:$BA,28,FALSE) -> 0 | AC16: =VLOOKUP($A16,Alimentos!$A:$BA,29,FALSE) -> 0 | AD16: =VLOOKUP($A16,Alimentos!$A:$BA,30,FALSE) -> 0 | AE16: =VLOOKUP($A16,Alimentos!$A:$BA,31,FALSE) -> 0 | AF16: =VLOOKUP($A16,Alimentos!$A:$BA,32,FALSE) -> 0 | AG16: =VLOOKUP($A16,Alimentos!$A:$BA,33,FALSE) -> 0 | AH16: =VLOOKUP($A16,Alimentos!$A:$BA,34,FALSE) -> 0 | AI16: =VLOOKUP($A16,Alimentos!$A:$BA,35,FALSE) -> 0 | AJ16: =VLOOKUP($A16,Alimentos!$A:$BA,36,FALSE) -> 0 | AK16: =VLOOKUP($A16,Alimentos!$A:$BA,37,FALSE) -> 0 | AL16: =VLOOKUP($A16,Alimentos!$A:$BA,38,FALSE) -> 0 | AM16: =VLOOKUP($A16,Alimentos!$A:$BA,39,FALSE) -> 0 | AN16: =VLOOKUP($A16,Alimentos!$A:$BA,40,FALSE) -> 0 | AO16: =VLOOKUP($A16,Alimentos!$A:$BA,41,FALSE) -> 0 | AP16: =VLOOKUP($A16,Alimentos!$A:$BA,42,FALSE) -> 0 | AQ16: =VLOOKUP($A16,Alimentos!$A:$BA,43,FALSE) -> 0 | AR16: =VLOOKUP($A16,Alimentos!$A:$BA,44,FALSE) -> 0 | AS16: =VLOOKUP($A16,Alimentos!$A:$BA,45,FALSE) -> 0
A17: x | B17: =VLOOKUP($A17,Alimentos!$A:$BA,2,FALSE) -> 0 | C17: =VLOOKUP($A17,Alimentos!$A:$BA,4,FALSE) -> 0 | E17: =VLOOKUP($A17,Alimentos!$A:$BA,5,FALSE) -> 0 | F17: =VLOOKUP($A17,Alimentos!$A:$BA,6,FALSE) -> 0 | G17: =VLOOKUP($A17,Alimentos!$A:$BA,7,FALSE) -> 0 | H17: =VLOOKUP($A17,Alimentos!$A:$BA,8,FALSE) -> 0 | I17: =VLOOKUP($A17,Alimentos!$A:$BA,9,FALSE) -> 0 | J17: =VLOOKUP($A17,Alimentos!$A:$BA,10,FALSE) -> 0 | K17: =VLOOKUP($A17,Alimentos!$A:$BA,11,FALSE) -> 0 | L17: =VLOOKUP($A17,Alimentos!$A:$BA,12,FALSE) -> 0 | M17: =VLOOKUP($A17,Alimentos!$A:$BA,13,FALSE) -> 0 | N17: =VLOOKUP($A17,Alimentos!$A:$BA,14,FALSE) -> 0 | O17: =VLOOKUP($A17,Alimentos!$A:$BA,15,FALSE) -> 0 | P17: =VLOOKUP($A17,Alimentos!$A:$BA,16,FALSE) -> 0 | Q17: =VLOOKUP($A17,Alimentos!$A:$BA,17,FALSE) -> 0 | R17: =VLOOKUP($A17,Alimentos!$A:$BA,18,FALSE) -> 0 | S17: =VLOOKUP($A17,Alimentos!$A:$BA,19,FALSE) -> 0 | T17: =VLOOKUP($A17,Alimentos!$A:$BA,20,FALSE) -> 0 | U17: =VLOOKUP($A17,Alimentos!$A:$BA,21,FALSE) -> 0 | V17: =VLOOKUP($A17,Alimentos!$A:$BA,22,FALSE) -> 0 | W17: =VLOOKUP($A17,Alimentos!$A:$BA,23,FALSE) -> 0 | X17: =VLOOKUP($A17,Alimentos!$A:$BA,24,FALSE) -> 0 | Y17: =VLOOKUP($A17,Alimentos!$A:$BA,25,FALSE) -> 0 | Z17: =VLOOKUP($A17,Alimentos!$A:$BA,26,FALSE) -> 0 | AA17: =VLOOKUP($A17,Alimentos!$A:$BA,27,FALSE) -> 0 | AB17: =VLOOKUP($A17,Alimentos!$A:$BA,28,FALSE) -> 0 | AC17: =VLOOKUP($A17,Alimentos!$A:$BA,29,FALSE) -> 0 | AD17: =VLOOKUP($A17,Alimentos!$A:$BA,30,FALSE) -> 0 | AE17: =VLOOKUP($A17,Alimentos!$A:$BA,31,FALSE) -> 0 | AF17: =VLOOKUP($A17,Alimentos!$A:$BA,32,FALSE) -> 0 | AG17: =VLOOKUP($A17,Alimentos!$A:$BA,33,FALSE) -> 0 | AH17: =VLOOKUP($A17,Alimentos!$A:$BA,34,FALSE) -> 0 | AI17: =VLOOKUP($A17,Alimentos!$A:$BA,35,FALSE) -> 0 | AJ17: =VLOOKUP($A17,Alimentos!$A:$BA,36,FALSE) -> 0 | AK17: =VLOOKUP($A17,Alimentos!$A:$BA,37,FALSE) -> 0 | AL17: =VLOOKUP($A17,Alimentos!$A:$BA,38,FALSE) -> 0 | AM17: =VLOOKUP($A17,Alimentos!$A:$BA,39,FALSE) -> 0 | AN17: =VLOOKUP($A17,Alimentos!$A:$BA,40,FALSE) -> 0 | AO17: =VLOOKUP($A17,Alimentos!$A:$BA,41,FALSE) -> 0 | AP17: =VLOOKUP($A17,Alimentos!$A:$BA,42,FALSE) -> 0 | AQ17: =VLOOKUP($A17,Alimentos!$A:$BA,43,FALSE) -> 0 | AR17: =VLOOKUP($A17,Alimentos!$A:$BA,44,FALSE) -> 0 | AS17: =VLOOKUP($A17,Alimentos!$A:$BA,45,FALSE) -> 0
... A21: x | B21: =VLOOKUP($A21,Alimentos!$A:$BA,2,FALSE) -> 0 | C21: =VLOOKUP($A21,Alimentos!$A:$BA,4,FALSE) -> 0 | E21: =VLOOKUP($A21,Alimentos!$A:$BA,5,FALSE) -> 0 | F21: =VLOOKUP($A21,Alimentos!$A:$BA,6,FALSE) -> 0 | G21: =VLOOKUP($A21,Alimentos!$A:$BA,7,FALSE) -> 0 | H21: =VLOOKUP($A21,Alimentos!$A:$BA,8,FALSE) -> 0 | I21: =VLOOKUP($A21,Alimentos!$A:$BA,9,FALSE) -> 0 | J21: =VLOOKUP($A21,Alimentos!$A:$BA,10,FALSE) -> 0 | K21: =VLOOKUP($A21,Alimentos!$A:$BA,11,FALSE) -> 0 | L21: =VLOOKUP($A21,Alimentos!$A:$BA,12,FALSE) -> 0 | M21: =VLOOKUP($A21,Alimentos!$A:$BA,13,FALSE) -> 0 | N21: =VLOOKUP($A21,Alimentos!$A:$BA,14,FALSE) -> 0 | O21: =VLOOKUP($A21,Alimentos!$A:$BA,15,FALSE) -> 0 | P21: =VLOOKUP($A21,Alimentos!$A:$BA,16,FALSE) -> 0 | Q21: =VLOOKUP($A21,Alimentos!$A:$BA,17,FALSE) -> 0 | R21: =VLOOKUP($A21,Alimentos!$A:$BA,18,FALSE) -> 0 | S21: =VLOOKUP($A21,Alimentos!$A:$BA,19,FALSE) -> 0 | T21: =VLOOKUP($A21,Alimentos!$A:$BA,20,FALSE) -> 0 | U21: =VLOOKUP($A21,Alimentos!$A:$BA,21,FALSE) -> 0 | V21: =VLOOKUP($A21,Alimentos!$A:$BA,22,FALSE) -> 0 | W21: =VLOOKUP($A21,Alimentos!$A:$BA,23,FALSE) -> 0 | X21: =VLOOKUP($A21,Alimentos!$A:$BA,24,FALSE) -> 0 | Y21: =VLOOKUP($A21,Alimentos!$A:$BA,25,FALSE) -> 0 | Z21: =VLOOKUP($A21,Alimentos!$A:$BA,26,FALSE) -> 0 | AA21: =VLOOKUP($A21,Alimentos!$A:$BA,27,FALSE) -> 0 | AB21: =VLOOKUP($A21,Alimentos!$A:$BA,28,FALSE) -> 0 | AC21: =VLOOKUP($A21,Alimentos!$A:$BA,29,FALSE) -> 0 | AD21: =VLOOKUP($A21,Alimentos!$A:$BA,30,FALSE) -> 0 | AE21: =VLOOKUP($A21,Alimentos!$A:$BA,31,FALSE) -> 0 | AF21: =VLOOKUP($A21,Alimentos!$A:$BA,32,FALSE) -> 0 | AG21: =VLOOKUP($A21,Alimentos!$A:$BA,33,FALSE) -> 0 | AH21: =VLOOKUP($A21,Alimentos!$A:$BA,34,FALSE) -> 0 | AI21: =VLOOKUP($A21,Alimentos!$A:$BA,35,FALSE) -> 0 | AJ21: =VLOOKUP($A21,Alimentos!$A:$BA,36,FALSE) -> 0 | AK21: =VLOOKUP($A21,Alimentos!$A:$BA,37,FALSE) -> 0 | AL21: =VLOOKUP($A21,Alimentos!$A:$BA,38,FALSE) -> 0 | AM21: =VLOOKUP($A21,Alimentos!$A:$BA,39,FALSE) -> 0 | AN21: =VLOOKUP($A21,Alimentos!$A:$BA,40,FALSE) -> 0 | AO21: =VLOOKUP($A21,Alimentos!$A:$BA,41,FALSE) -> 0 | AP21: =VLOOKUP($A21,Alimentos!$A:$BA,42,FALSE) -> 0 | AQ21: =VLOOKUP($A21,Alimentos!$A:$BA,43,FALSE) -> 0 | AR21: =VLOOKUP($A21,Alimentos!$A:$BA,44,FALSE) -> 0 | AS21: =VLOOKUP($A21,Alimentos!$A:$BA,45,FALSE) -> 0
A23: Unidades | B23: =B4 -> R$/Kg MN | C23: kg | D23: % MS | E23: kg | F23: kg | G23: kg | H23: kg | I23: kg | J23: kg | K23: kg | L23: kg | M23: kg | N23: kg | O23: Mcal | P23: kg | Q23: kg | R23: kg | S23: kg | T23: kg | U23: kg | V23: kg | W23: kg | X23: kg | Y23: kg | Z23: kg | AA23: kg | AB23: kg | AC23: kg | AD23: kg | AE23: kg | AF23: mg | AG23: mg | AH23: mg | AI23: mg | AJ23: mg | AK23: mg | AL23: mg | AM23: KUI | AN23: KUI | AO23: UI | AP23: mg | AQ23: mg | AR23: mg | AS23: UFC
A24: Alimento | B24: Custo | C24: MO | D24: MS | E24: MS | F24: PB | G24: PDR | H24: PNDR | I24: FDN | J24: eFDN | K24: FDN>8 | L24: FDN>19 | M24: FDNF | N24: FDA | O24: NEl | P24: NDT | Q24: EE | R24: EE Insat | S24: Cinza | T24: CNF | U24: Amido | V24: Amido DR | W24: Met | X24: Lys | Y24: Ca | Z24: P | AA24: Mg | AB24: K | AC24: S | AD24: Na | AE24: Cl | AF24: Co | AG24: Cu | AH24: Mn | AI24: Zn | AJ24: Se | AK24: I | AL24: Fe | AM24: Vit A | AN24: Vit D3 | AO24: Vit E | AP24: Biotina | AQ24: Monensina | AR24: Cr | AS24: Levedura
A25: =A6 -> x | B25: =C25*B6 -> 0 | D25: =E25/E$43 -> #DIV/0! | E25: =C25*E6 -> 0 | F25: =$E25*F6 -> 0 | G25: =$E25*G6 -> 0 | H25: =$E25*H6 -> 0 | I25: =$E25*I6 -> 0 | J25: =$E25*J6 -> 0 | K25: =IF(AT25="S",((((I6*K6*100)*0.9465)+4.5798)/100)*E25,IF(AT25="F",I6*K6*E25,0)) -> 0 | L25: =IF(AT25="S",((((I6*L6*100)*1.0083)+0.4502)/100)*E25,IF(AT25="F",I6*L6*E25,0)) -> 0 | M25: =$E25*M6 -> 0 | N25: =$E25*N6 -> 0 | O25: =$E25*O6 -> 0 | P25: =$E25*P6 -> 0 | Q25: =$E25*Q6 -> 0 | R25: =$E25*R6 -> 0 | S25: =$E25*S6 -> 0 | T25: =$E25*T6 -> 0 | U25: =$E25*U6 -> 0 | V25: =(V6/(V6+I$54))*U25 -> #DIV/0! | W25: =$E25*W6 -> 0 | X25: =$E25*X6 -> 0 | Y25: =$E25*Y6 -> 0 | Z25: =$E25*Z6 -> 0 | AA25: =$E25*AA6 -> 0 | AB25: =$E25*AB6 -> 0 | AC25: =$E25*AC6 -> 0 | AD25: =$E25*AD6 -> 0 | ... AS25: =$E25*AS6 -> 0 | AT25: =C6 -> 0
A26: =A7 -> x | B26: =C26*B7 -> 0 | D26: =E26/E$43 -> #DIV/0! | E26: =C26*E7 -> 0 | F26: =$E26*F7 -> 0 | G26: =$E26*G7 -> 0 | H26: =$E26*H7 -> 0 | I26: =$E26*I7 -> 0 | J26: =$E26*J7 -> 0 | K26: =IF(AT26="S",((((I7*K7*100)*0.9465)+4.5798)/100)*E26,IF(AT26="F",I7*K7*E26,0)) -> 0 | L26: =IF(AT26="S",((((I7*L7*100)*1.0083)+0.4502)/100)*E26,IF(AT26="F",I7*L7*E26,0)) -> 0 | M26: =$E26*M7 -> 0 | N26: =$E26*N7 -> 0 | O26: =$E26*O7 -> 0 | P26: =$E26*P7 -> 0 | Q26: =$E26*Q7 -> 0 | R26: =$E26*R7 -> 0 | S26: =$E26*S7 -> 0 | T26: =$E26*T7 -> 0 | U26: =$E26*U7 -> 0 | V26: =(V7/(V7+I$54))*U26 -> #DIV/0! | W26: =$E26*W7 -> 0 | X26: =$E26*X7 -> 0 | Y26: =$E26*Y7 -> 0 | Z26: =$E26*Z7 -> 0 | AA26: =$E26*AA7 -> 0 | AB26: =$E26*AB7 -> 0 | AC26: =$E26*AC7 -> 0 | AD26: =$E26*AD7 -> 0 | ... AS26: =$E26*AS7 -> 0 | AT26: =C7 -> 0
A27: =A8 -> x | B27: =C27*B8 -> 0 | D27: =E27/E$43 -> #DIV/0! | E27: =C27*E8 -> 0 | F27: =$E27*F8 -> 0 | G27: =$E27*G8 -> 0 | H27: =$E27*H8 -> 0 | I27: =$E27*I8 -> 0 | J27: =$E27*J8 -> 0 | K27: =IF(AT27="S",((((I8*K8*100)*0.9465)+4.5798)/100)*E27,IF(AT27="F",I8*K8*E27,0)) -> 0 | L27: =IF(AT27="S",((((I8*L8*100)*1.0083)+0.4502)/100)*E27,IF(AT27="F",I8*L8*E27,0)) -> 0 | M27: =$E27*M8 -> 0 | N27: =$E27*N8 -> 0 | O27: =$E27*O8 -> 0 | P27: =$E27*P8 -> 0 | Q27: =$E27*Q8 -> 0 | R27: =$E27*R8 -> 0 | S27: =$E27*S8 -> 0 | T27: =$E27*T8 -> 0 | U27: =$E27*U8 -> 0 | V27: =(V8/(V8+I$54))*U27 -> #DIV/0! | W27: =$E27*W8 -> 0 | X27: =$E27*X8 -> 0 | Y27: =$E27*Y8 -> 0 | Z27: =$E27*Z8 -> 0 | AA27: =$E27*AA8 -> 0 | AB27: =$E27*AB8 -> 0 | AC27: =$E27*AC8 -> 0 | AD27: =$E27*AD8 -> 0 | ... AS27: =$E27*AS8 -> 0 | AT27: =C8 -> 0
A28: =A9 -> x | B28: =C28*B9 -> 0 | D28: =E28/E$43 -> #DIV/0! | E28: =C28*E9 -> 0 | F28: =$E28*F9 -> 0 | G28: =$E28*G9 -> 0 | H28: =$E28*H9 -> 0 | I28: =$E28*I9 -> 0 | J28: =$E28*J9 -> 0 | K28: =IF(AT28="S",((((I9*K9*100)*0.9465)+4.5798)/100)*E28,IF(AT28="F",I9*K9*E28,0)) -> 0 | L28: =IF(AT28="S",((((I9*L9*100)*1.0083)+0.4502)/100)*E28,IF(AT28="F",I9*L9*E28,0)) -> 0 | M28: =$E28*M9 -> 0 | N28: =$E28*N9 -> 0 | O28: =$E28*O9 -> 0 | P28: =$E28*P9 -> 0 | Q28: =$E28*Q9 -> 0 | R28: =$E28*R9 -> 0 | S28: =$E28*S9 -> 0 | T28: =$E28*T9 -> 0 | U28: =$E28*U9 -> 0 | V28: =(V9/(V9+I$54))*U28 -> #DIV/0! | W28: =$E28*W9 -> 0 | X28: =$E28*X9 -> 0 | Y28: =$E28*Y9 -> 0 | Z28: =$E28*Z9 -> 0 | AA28: =$E28*AA9 -> 0 | AB28: =$E28*AB9 -> 0 | AC28: =$E28*AC9 -> 0 | AD28: =$E28*AD9 -> 0 | ... AS28: =$E28*AS9 -> 0 | AT28: =C9 -> 0
A29: =A10 -> x | B29: =C29*B10 -> 0 | D29: =E29/E$43 -> #DIV/0! | E29: =C29*E10 -> 0 | F29: =$E29*F10 -> 0 | G29: =$E29*G10 -> 0 | H29: =$E29*H10 -> 0 | I29: =$E29*I10 -> 0 | J29: =$E29*J10 -> 0 | K29: =IF(AT29="S",((((I10*K10*100)*0.9465)+4.5798)/100)*E29,IF(AT29="F",I10*K10*E29,0)) -> 0 | L29: =IF(AT29="S",((((I10*L10*100)*1.0083)+0.4502)/100)*E29,IF(AT29="F",I10*L10*E29,0)) -> 0 | M29: =$E29*M10 -> 0 | N29: =$E29*N10 -> 0 | O29: =$E29*O10 -> 0 | P29: =$E29*P10 -> 0 | Q29: =$E29*Q10 -> 0 | R29: =$E29*R10 -> 0 | S29: =$E29*S10 -> 0 | T29: =$E29*T10 -> 0 | U29: =$E29*U10 -> 0 | V29: =(V10/(V10+I$54))*U29 -> #DIV/0! | W29: =$E29*W10 -> 0 | X29: =$E29*X10 -> 0 | Y29: =$E29*Y10 -> 0 | Z29: =$E29*Z10 -> 0 | AA29: =$E29*AA10 -> 0 | AB29: =$E29*AB10 -> 0 | AC29: =$E29*AC10 -> 0 | AD29: =$E29*AD10 -> 0 | ... AS29: =$E29*AS10 -> 0 | AT29: =C10 -> 0
A30: =A11 -> x | B30: =C30*B11 -> 0 | D30: =E30/E$43 -> #DIV/0! | E30: =C30*E11 -> 0 | F30: =$E30*F11 -> 0 | G30: =$E30*G11 -> 0 | H30: =$E30*H11 -> 0 | I30: =$E30*I11 -> 0 | J30: =$E30*J11 -> 0 | K30: =IF(AT30="S",((((I11*K11*100)*0.9465)+4.5798)/100)*E30,IF(AT30="F",I11*K11*E30,0)) -> 0 | L30: =IF(AT30="S",((((I11*L11*100)*1.0083)+0.4502)/100)*E30,IF(AT30="F",I11*L11*E30,0)) -> 0 | M30: =$E30*M11 -> 0 | N30: =$E30*N11 -> 0 | O30: =$E30*O11 -> 0 | P30: =$E30*P11 -> 0 | Q30: =$E30*Q11 -> 0 | R30: =$E30*R11 -> 0 | S30: =$E30*S11 -> 0 | T30: =$E30*T11 -> 0 | U30: =$E30*U11 -> 0 | V30: =(V11/(V11+I$54))*U30 -> #DIV/0! | W30: =$E30*W11 -> 0 | X30: =$E30*X11 -> 0 | Y30: =$E30*Y11 -> 0 | Z30: =$E30*Z11 -> 0 | AA30: =$E30*AA11 -> 0 | AB30: =$E30*AB11 -> 0 | AC30: =$E30*AC11 -> 0 | AD30: =$E30*AD11 -> 0 | ... AS30: =$E30*AS11 -> 0 | AT30: =C11 -> 0
A31: =A12 -> x | B31: =C31*B12 -> 0 | D31: =E31/E$43 -> #DIV/0! | E31: =C31*E12 -> 0 | F31: =$E31*F12 -> 0 | G31: =$E31*G12 -> 0 | H31: =$E31*H12 -> 0 | I31: =$E31*I12 -> 0 | J31: =$E31*J12 -> 0 | K31: =IF(AT31="S",((((I12*K12*100)*0.9465)+4.5798)/100)*E31,IF(AT31="F",I12*K12*E31,0)) -> 0 | L31: =IF(AT31="S",((((I12*L12*100)*1.0083)+0.4502)/100)*E31,IF(AT31="F",I12*L12*E31,0)) -> 0 | M31: =$E31*M12 -> 0 | N31: =$E31*N12 -> 0 | O31: =$E31*O12 -> 0 | P31: =$E31*P12 -> 0 | Q31: =$E31*Q12 -> 0 | R31: =$E31*R12 -> 0 | S31: =$E31*S12 -> 0 | T31: =$E31*T12 -> 0 | U31: =$E31*U12 -> 0 | V31: =(V12/(V12+I$54))*U31 -> #DIV/0! | W31: =$E31*W12 -> 0 | X31: =$E31*X12 -> 0 | Y31: =$E31*Y12 -> 0 | Z31: =$E31*Z12 -> 0 | AA31: =$E31*AA12 -> 0 | AB31: =$E31*AB12 -> 0 | AC31: =$E31*AC12 -> 0 | AD31: =$E31*AD12 -> 0 | ... AS31: =$E31*AS12 -> 0 | AT31: =C12 -> 0
A32: =A13 -> x | B32: =C32*B13 -> 0 | D32: =E32/E$43 -> #DIV/0! | E32: =C32*E13 -> 0 | F32: =$E32*F13 -> 0 | G32: =$E32*G13 -> 0 | H32: =$E32*H13 -> 0 | I32: =$E32*I13 -> 0 | J32: =$E32*J13 -> 0 | K32: =IF(AT32="S",((((I13*K13*100)*0.9465)+4.5798)/100)*E32,IF(AT32="F",I13*K13*E32,0)) -> 0 | L32: =IF(AT32="S",((((I13*L13*100)*1.0083)+0.4502)/100)*E32,IF(AT32="F",I13*L13*E32,0)) -> 0 | M32: =$E32*M13 -> 0 | N32: =$E32*N13 -> 0 | O32: =$E32*O13 -> 0 | P32: =$E32*P13 -> 0 | Q32: =$E32*Q13 -> 0 | R32: =$E32*R13 -> 0 | S32: =$E32*S13 -> 0 | T32: =$E32*T13 -> 0 | U32: =$E32*U13 -> 0 | V32: =(V13/(V13+I$54))*U32 -> #DIV/0! | W32: =$E32*W13 -> 0 | X32: =$E32*X13 -> 0 | Y32: =$E32*Y13 -> 0 | Z32: =$E32*Z13 -> 0 | AA32: =$E32*AA13 -> 0 | AB32: =$E32*AB13 -> 0 | AC32: =$E32*AC13 -> 0 | AD32: =$E32*AD13 -> 0 | ... AS32: =$E32*AS13 -> 0 | AT32: =C13 -> 0
A33: =A14 -> x | B33: =C33*B14 -> 0 | D33: =E33/E$43 -> #DIV/0! | E33: =C33*E14 -> 0 | F33: =$E33*F14 -> 0 | G33: =$E33*G14 -> 0 | H33: =$E33*H14 -> 0 | I33: =$E33*I14 -> 0 | J33: =$E33*J14 -> 0 | K33: =IF(AT33="S",((((I14*K14*100)*0.9465)+4.5798)/100)*E33,IF(AT33="F",I14*K14*E33,0)) -> 0 | L33: =IF(AT33="S",((((I14*L14*100)*1.0083)+0.4502)/100)*E33,IF(AT33="F",I14*L14*E33,0)) -> 0 | M33: =$E33*M14 -> 0 | N33: =$E33*N14 -> 0 | O33: =$E33*O14 -> 0 | P33: =$E33*P14 -> 0 | Q33: =$E33*Q14 -> 0 | R33: =$E33*R14 -> 0 | S33: =$E33*S14 -> 0 | T33: =$E33*T14 -> 0 | U33: =$E33*U14 -> 0 | V33: =(V14/(V14+I$54))*U33 -> #DIV/0! | W33: =$E33*W14 -> 0 | X33: =$E33*X14 -> 0 | Y33: =$E33*Y14 -> 0 | Z33: =$E33*Z14 -> 0 | AA33: =$E33*AA14 -> 0 | AB33: =$E33*AB14 -> 0 | AC33: =$E33*AC14 -> 0 | AD33: =$E33*AD14 -> 0 | ... AS33: =$E33*AS14 -> 0 | AT33: =C14 -> 0
A34: =A15 -> x | B34: =C34*B15 -> 0 | D34: =E34/E$43 -> #DIV/0! | E34: =C34*E15 -> 0 | F34: =$E34*F15 -> 0 | G34: =$E34*G15 -> 0 | H34: =$E34*H15 -> 0 | I34: =$E34*I15 -> 0 | J34: =$E34*J15 -> 0 | K34: =IF(AT34="S",((((I15*K15*100)*0.9465)+4.5798)/100)*E34,IF(AT34="F",I15*K15*E34,0)) -> 0 | L34: =IF(AT34="S",((((I15*L15*100)*1.0083)+0.4502)/100)*E34,IF(AT34="F",I15*L15*E34,0)) -> 0 | M34: =$E34*M15 -> 0 | N34: =$E34*N15 -> 0 | O34: =$E34*O15 -> 0 | P34: =$E34*P15 -> 0 | Q34: =$E34*Q15 -> 0 | R34: =$E34*R15 -> 0 | S34: =$E34*S15 -> 0 | T34: =$E34*T15 -> 0 | U34: =$E34*U15 -> 0 | V34: =(V15/(V15+I$54))*U34 -> #DIV/0! | W34: =$E34*W15 -> 0 | X34: =$E34*X15 -> 0 | Y34: =$E34*Y15 -> 0 | Z34: =$E34*Z15 -> 0 | AA34: =$E34*AA15 -> 0 | AB34: =$E34*AB15 -> 0 | AC34: =$E34*AC15 -> 0 | AD34: =$E34*AD15 -> 0 | ... AS34: =$E34*AS15 -> 0 | AT34: =C15 -> 0
A35: =A16 -> x | B35: =C35*B16 -> 0 | D35: =E35/E$43 -> #DIV/0! | E35: =C35*E16 -> 0 | F35: =$E35*F16 -> 0 | G35: =$E35*G16 -> 0 | H35: =$E35*H16 -> 0 | I35: =$E35*I16 -> 0 | J35: =$E35*J16 -> 0 | K35: =IF(AT35="S",((((I16*K16*100)*0.9465)+4.5798)/100)*E35,IF(AT35="F",I16*K16*E35,0)) -> 0 | L35: =IF(AT35="S",((((I16*L16*100)*1.0083)+0.4502)/100)*E35,IF(AT35="F",I16*L16*E35,0)) -> 0 | M35: =$E35*M16 -> 0 | N35: =$E35*N16 -> 0 | O35: =$E35*O16 -> 0 | P35: =$E35*P16 -> 0 | Q35: =$E35*Q16 -> 0 | R35: =$E35*R16 -> 0 | S35: =$E35*S16 -> 0 | T35: =$E35*T16 -> 0 | U35: =$E35*U16 -> 0 | V35: =(V16/(V16+I$54))*U35 -> #DIV/0! | W35: =$E35*W16 -> 0 | X35: =$E35*X16 -> 0 | Y35: =$E35*Y16 -> 0 | Z35: =$E35*Z16 -> 0 | AA35: =$E35*AA16 -> 0 | AB35: =$E35*AB16 -> 0 | AC35: =$E35*AC16 -> 0 | AD35: =$E35*AD16 -> 0 | ... AS35: =$E35*AS16 -> 0 | AT35: =C16 -> 0
A36: =A17 -> x | B36: =C36*B17 -> 0 | D36: =E36/E$43 -> #DIV/0! | E36: =C36*E17 -> 0 | F36: =$E36*F17 -> 0 | G36: =$E36*G17 -> 0 | H36: =$E36*H17 -> 0 | I36: =$E36*I17 -> 0 | J36: =$E36*J17 -> 0 | K36: =IF(AT36="S",((((I17*K17*100)*0.9465)+4.5798)/100)*E36,IF(AT36="F",I17*K17*E36,0)) -> 0 | L36: =IF(AT36="S",((((I17*L17*100)*1.0083)+0.4502)/100)*E36,IF(AT36="F",I17*L17*E36,0)) -> 0 | M36: =$E36*M17 -> 0 | N36: =$E36*N17 -> 0 | O36: =$E36*O17 -> 0 | P36: =$E36*P17 -> 0 | Q36: =$E36*Q17 -> 0 | R36: =$E36*R17 -> 0 | S36: =$E36*S17 -> 0 | T36: =$E36*T17 -> 0 | U36: =$E36*U17 -> 0 | V36: =(V17/(V17+I$54))*U36 -> #DIV/0! | W36: =$E36*W17 -> 0 | X36: =$E36*X17 -> 0 | Y36: =$E36*Y17 -> 0 | Z36: =$E36*Z17 -> 0 | AA36: =$E36*AA17 -> 0 | AB36: =$E36*AB17 -> 0 | AC36: =$E36*AC17 -> 0 | AD36: =$E36*AD17 -> 0 | ... AS36: =$E36*AS17 -> 0 | AT36: =C17 -> 0
... A40: =A21 -> x | B40: =C40*B21 -> 0 | D40: =E40/E$43 -> #DIV/0! | E40: =C40*E21 -> 0 | F40: =$E40*F21 -> 0 | G40: =$E40*G21 -> 0 | H40: =$E40*H21 -> 0 | I40: =$E40*I21 -> 0 | J40: =$E40*J21 -> 0 | K40: =IF(AT40="S",((((I21*K21*100)*0.9465)+4.5798)/100)*E40,IF(AT40="F",I21*K21*E40,0)) -> 0 | L40: =IF(AT40="S",((((I21*L21*100)*1.0083)+0.4502)/100)*E40,IF(AT40="F",I21*L21*E40,0)) -> 0 | M40: =$E40*M21 -> 0 | N40: =$E40*N21 -> 0 | O40: =$E40*O21 -> 0 | P40: =$E40*P21 -> 0 | Q40: =$E40*Q21 -> 0 | R40: =$E40*R21 -> 0 | S40: =$E40*S21 -> 0 | T40: =$E40*T21 -> 0 | U40: =$E40*U21 -> 0 | V40: =(V21/(V21+I$54))*U40 -> #DIV/0! | W40: =$E40*W21 -> 0 | X40: =$E40*X21 -> 0 | Y40: =$E40*Y21 -> 0 | Z40: =$E40*Z21 -> 0 | AA40: =$E40*AA21 -> 0 | AB40: =$E40*AB21 -> 0 | AC40: =$E40*AC21 -> 0 | AD40: =$E40*AD21 -> 0 | ... AS40: =$E40*AS21 -> 0 | AT40: =C21 -> 0
A42: Total | C42: =SUM(C25:C40) -> 0 | D42: =SUM(D25:D40) -> #DIV/0! | E42: =E43/C42 -> #DIV/0! | F42: =SUM(F25:F40) -> 0 | G42: =SUM(G25:G40) -> 0 | H42: =SUM(H25:H40) -> 0 | I42: =SUM(I25:I40) -> 0 | J42: =SUM(J25:J40) -> 0 | K42: =SUM(K25:K40) -> 0 | L42: =SUM(L25:L40) -> 0 | M42: =SUM(M25:M40) -> 0 | ... AS42: =SUM(AS25:AS40) -> 0
A43: Matéria Seca Dieta | E43: =SUM(E25:E40) -> 0 | F43: =F42/$E43 -> #DIV/0! | G43: =G42/$E43 -> #DIV/0! | H43: =H42/$E43 -> #DIV/0! | I43: =I42/$E43 -> #DIV/0! | J43: =J42/$E43 -> #DIV/0! | K43: =K42/$E43 -> #DIV/0! | L43: =L42/$E43 -> #DIV/0! | M43: =M42/$E43 -> #DIV/0! | ... AO43: =AO42/$E43 -> #DIV/0! | AP43: =AP42 -> 0 | AQ43: =AQ42 -> 0 | AR43: =AR42 -> 0 | AS43: =AS42 -> 0
A45: Exigência Nutricional (Referência) | E45: =((1.97-(0.75*EXP(0.16*(D2-280))))/100)*D1 -> 0 | F45: 12-13.0% | G45: 0.1 | H45: 2-3.0% | J45: >= 18% | M45: >= 19% | O45: 1.3-1.4 | P45: 0.58 | Q45: <= 4% | Y45: 0,37%-0,45% | Z45: 0,2-0,30% | AA45: 0,25-0,35% | AB45: 0.006 | AC45: 0,20 - 0,25% | AD45: 0.0016 | AE45: 0.0013 | AF45: 0.2 | AG45: 20 | AH45: 30 - 40 | AI45: 30 - 40 | AJ45: 0.3 | AK45: 0.5 | AL45: 13 | AM45: 8000 | AN45: 2000 | AO45: 40-50 | AQ45: 250-300
J47: Referência
H48: FDNF/kg PV | I48: =M42/D1 -> #DIV/0! | J48: 1.0-1.1%
H49: % Forragem na MS da dieta | I49: =(SUMIF(AT$25:AT$40,"F",E$25:E$40)+SUMIF(AT$25:AT$40,"S",E$25:E$40))/E$43 -> #DIV/0! | J49: >70%
H50: FDN>8/Amido Deg | I50: =K43/V43 -> #DIV/0! | J50: > 1
H51: Lis/Met | I51: =X42/W42 -> #DIV/0! | J51: 3
H52: Ca / P | I52: =Y42/Z42 -> #DIV/0! | J52: <= 2
H53: Taxa passagem forragem (kP F) | I53: =(2.365+(0.214*((SUMIF(AT25:AT40,"F",E25:E40)+SUMIF(AT25:AT40,"S",E25:E40))/D1*100))+(0.734*(SUMIF(AT25:AT40,"C",E25:E40)/D1*100)+(0.069*(SUMIF(AT25:AT40,"S",E25:E40)+SUMIF(AT25:AT40,"F",E25:E40)))))/100 -> #DIV/0!
H54: Taxa passagem de concentrado (kP C) | I54: =(1.169+(1.375*(SUMIF(AT25:AT40,"F",E25:E40)+SUMIF(AT25:AT40,"S",E25:E40))/D1*100)+(1.721*SUMIF(AT25:AT40,"C",E25:E40)/D1*100))/100 -> #DIV/0!
H55: Taxa de passagem de líquido (kP L) | I55: =(4.524+(0.223*(SUMIF(AT25:AT40,"F",E25:E40)+SUMIF(AT25:AT40,"S",E25:E40))/D1*100)+(2.046*SUMIF(AT25:AT40,"C",E25:E40)/D1*100)+(0.344*(SUMIF(AT25:AT40,"F",E25:E40)+SUMIF(AT25:AT40,"S",E25:E40))))/100 -> #DIV/0!
C60: 1 | D60: 2 | E60: 3 | F60: 4 | G60: 5 | H60: 6
C61: kg | D61: kg | E61: kg | F61: kg | G61: kg | H61: kg
B62: >19
B63: >8-19
B64: <8
C65: % | D65: % | H65: % | I65: CV | J65: Meta
B66: >19 | C66: =C62/SUM(C$62:C$64) -> #DIV/0! | D66: =D62/SUM(D$62:D$64) -> #DIV/0! | E66: =E62/SUM(E$62:E$64) -> #DIV/0! | F66: =F62/SUM(F$62:F$64) -> #DIV/0! | G66: =G62/SUM(G$62:G$64) -> #DIV/0! | H66: =H62/SUM(H$62:H$64) -> #DIV/0! | I66: =STDEV(C66:H66)/AVERAGE(C66:H66) -> #DIV/0! | J66: <15%
B67: >8-19 | C67: =C63/SUM(C$62:C$64) -> #DIV/0! | D67: =D63/SUM(D$62:D$64) -> #DIV/0! | E67: =E63/SUM(E$62:E$64) -> #DIV/0! | F67: =F63/SUM(F$62:F$64) -> #DIV/0! | G67: =G63/SUM(G$62:G$64) -> #DIV/0! | H67: =H63/SUM(H$62:H$64) -> #DIV/0! | I67: =STDEV(C67:H67)/AVERAGE(C67:H67) -> #DIV/0! | J67: <5%
B68: <8 | C68: =C64/SUM(C$62:C$64) -> #DIV/0! | D68: =D64/SUM(D$62:D$64) -> #DIV/0! | E68: =E64/SUM(E$62:E$64) -> #DIV/0! | F68: =F64/SUM(F$62:F$64) -> #DIV/0! | G68: =G64/SUM(G$62:G$64) -> #DIV/0! | H68: =H64/SUM(H$62:H$64) -> #DIV/0! | I68: =STDEV(C68:H68)/AVERAGE(C68:H68) -> #DIV/0! | J68: <5%
E71: Partículas, % MN | F71: Real | G71: Predito
E72: >19 | F72: =IFERROR(AVERAGE(C66:H66),"") | G72: =((C$25/C$42)*L6)+((C$27/C$42)*L8)+((C$28/C$42)*L9) -> #DIV/0!
E73: >8-19 | F73: =IFERROR(AVERAGE(C67:H67),"") | G73: =((C$25/C$42)*(K6-L6))+((C$27/C$42)*(K8-L8))+((C$28/C$42)*(K9-L9)) -> #DIV/0!
E74: <8 | F74: =IFERROR(AVERAGE(C68:H68),"") | G74: =1-G72-G73 -> #DIV/0!

Sheet Pre parto
A1: PRE-PARTO | C1: Peso médio: | G1: Duração Pre-parto | K1: Custo Alimentar R$/d: | L1: =SUM(B25:B40) -> 0
C2: Dias de gestação | K2: Custo Alimentar R$/kg MS: | L2: =SUM(B25:B40)/E43 -> #DIV/0!
A4: Unidades | B4: R$/Kg MN | E4: % CO | F4: % MS | G4: % MS | H4: % MS | I4: % MS | J4: % MS | K4: % MN | L4: % MN | M4: % MS | N4: % MS | O4: Mcal/kg | P4: % MS | Q4: % MS | R4: % MS | S4: % MS | T4: % MS | U4: % MS | V4: %/h | W4: % MS | X4: % MS | Y4: % MS | Z4: % MS | AA4: % MS | AB4: % MS | AC4: % MS | AD4: % MS | AE4: % MS | AF4: mg/kg | AG4: mg/kg | AH4: mg/kg | AI4: mg/kg | AJ4: mg/kg | AK4: mg/kg | AL4: mg/kg | AM4: UI/kg | AN4: UI/kg | AO4: UI/kg | AP4: mg/kg | AQ4: mg/kg | AR4: mg/kg | AS4: UFC/kg
A5: Alimento | B5: Custo | E5: MS | F5: PB | G5: PDR | H5: PNDR | I5: FDN | J5: eFDN | K5: MN>8 | L5: MN>19 | M5: FDNF | N5: FDA | O5: NEl | P5: NDT | Q5: Oleo | R5: EE Insat | S5: Cinza | T5: CNF | U5: Amido | V5: kd Amido | W5: Met | X5: Lys | Y5: Ca | Z5: P | AA5: Mg | AB5: K | AC5: S | AD5: Na | AE5: Cl | AF5: Co | AG5: Cu | AH5: Mn | AI5: Zn | AJ5: Se | AK5: I | AL5: Fe | AM5: Vit A | AN5: Vit D3 | AO5: Vit E | AP5: Biotina | AQ5: Monensina | AR5: Cr | AS5: Levedura
A6: x | B6: =VLOOKUP($A6,Alimentos!$A:$BA,2,FALSE) -> 0 | C6: =VLOOKUP($A6,Alimentos!$A:$BA,4,FALSE) -> 0 | E6: =VLOOKUP($A6,Alimentos!$A:$BA,5,FALSE) -> 0 | F6: =VLOOKUP($A6,Alimentos!$A:$BA,6,FALSE) -> 0 | G6: =VLOOKUP($A6,Alimentos!$A:$BA,7,FALSE) -> 0 | H6: =VLOOKUP($A6,Alimentos!$A:$BA,8,FALSE) -> 0 | I6: =VLOOKUP($A6,Alimentos!$A:$BA,9,FALSE) -> 0 | J6: =VLOOKUP($A6,Alimentos!$A:$BA,10,FALSE) -> 0 | K6: =VLOOKUP($A6,Alimentos!$A:$BA,11,FALSE) -> 0 | L6: =VLOOKUP($A6,Alimentos!$A:$BA,12,FALSE) -> 0 | M6: =VLOOKUP($A6,Alimentos!$A:$BA,13,FALSE) -> 0 | N6: =VLOOKUP($A6,Alimentos!$A:$BA,14,FALSE) -> 0 | O6: =VLOOKUP($A6,Alimentos!$A:$BA,15,FALSE) -> 0 | P6: =VLOOKUP($A6,Alimentos!$A:$BA,16,FALSE) -> 0 | Q6: =VLOOKUP($A6,Alimentos!$A:$BA,17,FALSE) -> 0 | R6: =VLOOKUP($A6,Alimentos!$A:$BA,18,FALSE) -> 0 | S6: =VLOOKUP($A6,Alimentos!$A:$BA,19,FALSE) -> 0 | T6: =VLOOKUP($A6,Alimentos!$A:$BA,20,FALSE) -> 0 | U6: =VLOOKUP($A6,Alimentos!$A:$BA,21,FALSE) -> 0 | V6: =VLOOKUP($A6,Alimentos!$A:$BA,22,FALSE) -> 0 | W6: =VLOOKUP($A6,Alimentos!$A:$BA,23,FALSE) -> 0 | X6: =VLOOKUP($A6,Alimentos!$A:$BA,24,FALSE) -> 0 | Y6: =VLOOKUP($A6,Alimentos!$A:$BA,25,FALSE) -> 0 | Z6: =VLOOKUP($A6,Alimentos!$A:$BA,26,FALSE) -> 0 | AA6: =VLOOKUP($A6,Alimentos!$A:$BA,27,FALSE) -> 0 | AB6: =VLOOKUP($A6,Alimentos!$A:$BA,28,FALSE) -> 0 | AC6: =VLOOKUP($A6,Alimentos!$A:$BA,29,FALSE) -> 0 | AD6: =VLOOKUP($A6,Alimentos!$A:$BA,30,FALSE) -> 0 | AE6: =VLOOKUP($A6,Alimentos!$A:$BA,31,FALSE) -> 0 | AF6: =VLOOKUP($A6,Alimentos!$A:$BA,32,FALSE) -> 0 | AG6: =VLOOKUP($A6,Alimentos!$A:$BA,33,FALSE) -> 0 | AH6: =VLOOKUP($A6,Alimentos!$A:$BA,34,FALSE) -> 0 | AI6: =VLOOKUP($A6,Alimentos!$A:$BA,35,FALSE) -> 0 | AJ6: =VLOOKUP($A6,Alimentos!$A:$BA,36,FALSE) -> 0 | AK6: =VLOOKUP($A6,Alimentos!$A:$BA,37,FALSE) -> 0 | AL6: =VLOOKUP($A6,Alimentos!$A:$BA,38,FALSE) -> 0 | AM6: =VLOOKUP($A6,Alimentos!$A:$BA,39,FALSE) -> 0 | AN6: =VLOOKUP($A6,Alimentos!$A:$BA,40,FALSE) -> 0 | AO6: =VLOOKUP($A6,Alimentos!$A:$BA,41,FALSE) -> 0 | AP6: =VLOOKUP($A6,Alimentos!$A:$BA,42,FALSE) -> 0 | AQ6: =VLOOKUP($A6,Alimentos!$A:$BA,43,FALSE) -> 0 | AR6: =VLOOKUP($A6,Alimentos!$A:$BA,44,FALSE) -> 0 | AS6: =VLOOKUP($A6,Alimentos!$A:$BA,45,FALSE) -> 0
